Phase,Scene,Planner,Seed,Success,Length,Clearance,Time
point,w7,RRT,0,True,56.219,0,0.0061
point,w7,RRT,1,True,63.262,1,0.0031
point,w7,RRT,2,True,54.612,1,0.0026
point,w7,RRT,3,True,64.534,0,0.0025
point,w7,RRT,4,True,58.36,0,0.0038
point,w7,RRT,5,True,61.049,0,0.0034
point,w7,RRT,6,True,52.995,1,0.0004
point,w7,RRT,7,True,53.873,0,0.001
point,w7,RRT,8,True,59.634,1,0.0024
point,w7,RRT,9,True,61.273,0,0.0055
point,w7,RRT,10,True,51.842,1,0.0028
point,w7,RRT,11,True,62.956,0,0.0042
point,w7,RRT,12,True,59.171,0,0.0066
point,w7,RRT,13,True,51.802,1,0.0012
point,w7,RRT,14,True,59.897,0,0.0034
point,w7,RRT,15,True,61.2,1,0.0062
point,w7,RRT,16,True,61.216,1,0.0163
point,w7,RRT,17,True,50.369,0,0.0005
point,w7,RRT,18,True,54.12,0,0.0006
point,w7,RRT,19,True,56.833,0,0.0039
point,w7,RRT,20,True,59.774,0,0.0017
point,w7,RRT,21,True,55.037,0,0.0034
point,w7,RRT,22,True,54.182,0,0.0038
point,w7,RRT,23,True,53.363,0,0.0016
point,w7,RRT,24,True,54.434,1,0.003
point,w7,RRT,25,True,63.95,0,0.007
point,w7,RRT,26,True,59.207,0,0.0042
point,w7,RRT,27,True,54.603,0,0.0031
point,w7,RRT,28,True,56.2,0,0.0011
point,w7,RRT,29,True,54.603,0,0.0019
point,w7,RRT,30,True,56.289,0,0.0028
point,w7,RRT,31,True,57.432,0,0.0044
point,w7,RRT,32,True,59.065,0,0.0077
point,w7,RRT,33,True,59.999,0,0.0066
point,w7,RRT,34,True,54.228,0,0.0015
point,w7,RRT,35,True,50.704,0,0.0015
point,w7,RRT,36,True,55.687,0,0.0027
point,w7,RRT,37,True,59.662,0,0.0044
point,w7,RRT,38,True,52.758,0,0.0005
point,w7,RRT,39,True,57.574,1,0.0054
point,w7,RRT,40,True,58.555,0,0.0039
point,w7,RRT,41,True,60.433,1,0.0032
point,w7,RRT,42,True,54.329,0,0.0036
point,w7,RRT,43,True,55.944,0,0.0022
point,w7,RRT,44,True,53.561,0,0.001
point,w7,RRT,45,True,62.605,0,0.0024
point,w7,RRT,46,True,62.21,0,0.0026
point,w7,RRT,47,True,53.803,0,0.0006
point,w7,RRT,48,True,50.694,0,0.0029
point,w7,RRT,49,True,58.676,0,0.005
point,w7,RRT,50,True,60.884,0,0.0079
point,w7,RRT,51,True,65.775,0,0.0016
point,w7,RRT,52,True,60.272,0,0.0026
point,w7,RRT,53,True,55.57,0,0.0007
point,w7,RRT,54,True,52.352,0,0.0061
point,w7,RRT,55,True,61.505,0,0.0028
point,w7,RRT,56,True,56.137,0,0.0015
point,w7,RRT,57,True,58.884,0,0.0016
point,w7,RRT,58,True,57.402,0,0.0009
point,w7,RRT,59,True,56.219,0,0.0025
point,w7,RRT,60,True,62.946,0,0.0037
point,w7,RRT,61,True,65.418,0,0.0058
point,w7,RRT,62,True,60.367,0,0.0035
point,w7,RRT,63,True,59.45,0,0.0047
point,w7,RRT,64,True,62.766,0,0.0056
point,w7,RRT,65,True,56.782,0,0.0015
point,w7,RRT,66,True,57.605,0,0.0051
point,w7,RRT,67,True,54.797,0,0.002
point,w7,RRT,68,True,62.424,0,0.0073
point,w7,RRT,69,True,58.36,0,0.0064
point,w7,RRT,70,True,58.799,0,0.0069
point,w7,RRT,71,True,63.344,0,0.0042
point,w7,RRT,72,True,69.369,0,0.0037
point,w7,RRT,73,True,59.767,0,0.0038
point,w7,RRT,74,True,57.687,0,0.0041
point,w7,RRT,75,True,50.22,0,0.001
point,w7,RRT,76,True,50.127,0,0.0011
point,w7,RRT,77,True,60.435,0,0.0058
point,w7,RRT,78,True,61.596,0,0.003
point,w7,RRT,79,True,55.543,1,0.0057
point,w7,RRT,80,True,69.117,0,0.0066
point,w7,RRT,81,True,65.27,0,0.0033
point,w7,RRT,82,True,65.784,0,0.0049
point,w7,RRT,83,True,57.23,0,0.0111
point,w7,RRT,84,True,57.84,0,0.0032
point,w7,RRT,85,True,61.523,0,0.0038
point,w7,RRT,86,True,53.514,0,0.0037
point,w7,RRT,87,True,51.485,0,0.0004
point,w7,RRT,88,True,58.108,0,0.0025
point,w7,RRT,89,True,61.964,0,0.0023
point,w7,RRT,90,True,54.946,0,0.0037
point,w7,RRT,91,True,59.33,0,0.0057
point,w7,RRT,92,True,53.731,0,0.002
point,w7,RRT,93,True,56.352,0,0.0024
point,w7,RRT,94,True,62.902,0,0.0089
point,w7,RRT,95,True,56.627,1,0.0029
point,w7,RRT,96,True,61.542,0,0.0038
point,w7,RRT,97,True,60.714,0,0.0052
point,w7,RRT,98,True,57.327,0,0.004
point,w7,RRT,99,True,60.182,0,0.0041
point,w7,RRT*,0,True,48.533,0,0.0257
point,w7,RRT*,1,True,49.136,0,0.0335
point,w7,RRT*,2,True,48.323,1,0.0356
point,w7,RRT*,3,True,47.496,0,0.0341
point,w7,RRT*,4,True,47.789,0,0.0339
point,w7,RRT*,5,True,48.458,0,0.0318
point,w7,RRT*,6,True,47.882,0,0.0364
point,w7,RRT*,7,True,47.15,0,0.0346
point,w7,RRT*,8,True,47.925,1,0.0319
point,w7,RRT*,9,True,47.748,0,0.0314
point,w7,RRT*,10,True,48.126,0,0.0365
point,w7,RRT*,11,True,47.617,0,0.034
point,w7,RRT*,12,True,48.777,0,0.0336
point,w7,RRT*,13,True,47.217,0,0.0378
point,w7,RRT*,14,True,47.311,0,0.037
point,w7,RRT*,15,True,48.278,0,0.0384
point,w7,RRT*,16,True,47.437,0,0.0323
point,w7,RRT*,17,True,47.106,0,0.0347
point,w7,RRT*,18,True,47.603,0,0.0378
point,w7,RRT*,19,True,47.357,0,0.0391
point,w7,RRT*,20,True,48.048,0,0.0313
point,w7,RRT*,21,True,47.412,0,0.0341
point,w7,RRT*,22,True,47.168,0,0.0381
point,w7,RRT*,23,True,47.969,0,0.0363
point,w7,RRT*,24,True,48.39,0,0.0373
point,w7,RRT*,25,True,50.029,0,0.0348
point,w7,RRT*,26,True,47.884,0,0.0391
point,w7,RRT*,27,True,47.088,0,0.0393
point,w7,RRT*,28,True,47.598,0,0.0327
point,w7,RRT*,29,True,47.624,0,0.0362
point,w7,RRT*,30,True,47.871,0,0.0368
point,w7,RRT*,31,True,49.021,0,0.0367
point,w7,RRT*,32,True,47.39,0,0.0374
point,w7,RRT*,33,True,48.917,0,0.0341
point,w7,RRT*,34,True,47.537,0,0.0382
point,w7,RRT*,35,True,47.374,0,0.0364
point,w7,RRT*,36,True,47.649,0,0.0354
point,w7,RRT*,37,True,48.654,0,0.0414
point,w7,RRT*,38,True,47.927,0,0.0352
point,w7,RRT*,39,True,48.458,0,0.0372
point,w7,RRT*,40,True,47.593,0,0.04
point,w7,RRT*,41,True,47.802,0,0.0355
point,w7,RRT*,42,True,47.589,1,0.0407
point,w7,RRT*,43,True,47.242,0,0.0356
point,w7,RRT*,44,True,48.169,0,0.0393
point,w7,RRT*,45,True,47.861,1,0.0358
point,w7,RRT*,46,True,47.687,0,0.0416
point,w7,RRT*,47,True,47.404,0,0.0374
point,w7,RRT*,48,True,47.324,0,0.0362
point,w7,RRT*,49,True,47.898,0,0.0359
point,w7,RRT*,50,True,47.382,0,0.0334
point,w7,RRT*,51,True,47.263,0,0.0395
point,w7,RRT*,52,True,50.294,0,0.0353
point,w7,RRT*,53,True,47.158,0,0.038
point,w7,RRT*,54,True,48.145,0,0.0355
point,w7,RRT*,55,True,48.479,0,0.0376
point,w7,RRT*,56,True,48.504,1,0.0355
point,w7,RRT*,57,True,47.293,0,0.069
point,w7,RRT*,58,True,47.244,0,0.0331
point,w7,RRT*,59,True,47.152,0,0.0448
point,w7,RRT*,60,True,48.194,0,0.0357
point,w7,RRT*,61,True,48.345,0,0.0351
point,w7,RRT*,62,True,48.445,0,0.0343
point,w7,RRT*,63,True,48.479,0,0.0337
point,w7,RRT*,64,True,48.155,0,0.0338
point,w7,RRT*,65,True,47.392,0,0.0383
point,w7,RRT*,66,True,48.119,0,0.0338
point,w7,RRT*,67,True,48.023,0,0.0359
point,w7,RRT*,68,True,48.071,0,0.0354
point,w7,RRT*,69,True,47.118,0,0.0334
point,w7,RRT*,70,True,48.281,0,0.0373
point,w7,RRT*,71,True,49.61,0,0.0359
point,w7,RRT*,72,True,48.087,1,0.0425
point,w7,RRT*,73,True,47.19,0,0.0566
point,w7,RRT*,74,True,47.409,0,0.0459
point,w7,RRT*,75,True,47.63,0,0.0326
point,w7,RRT*,76,True,47.202,0,0.0568
point,w7,RRT*,77,True,47.367,0,0.0326
point,w7,RRT*,78,True,47.35,0,0.0373
point,w7,RRT*,79,True,47.521,0,0.0376
point,w7,RRT*,80,True,48.088,0,0.0324
point,w7,RRT*,81,True,49.431,0,0.0326
point,w7,RRT*,82,True,48.681,0,0.0331
point,w7,RRT*,83,True,47.444,0,0.0388
point,w7,RRT*,84,True,48.421,1,0.0391
point,w7,RRT*,85,True,47.439,0,0.0352
point,w7,RRT*,86,True,47.539,0,0.0386
point,w7,RRT*,87,True,47.789,0,0.0343
point,w7,RRT*,88,True,47.898,0,0.0353
point,w7,RRT*,89,True,47.333,0,0.0315
point,w7,RRT*,90,True,48.097,0,0.0358
point,w7,RRT*,91,True,47.205,0,0.0362
point,w7,RRT*,92,True,48.988,1,0.034
point,w7,RRT*,93,True,47.585,0,0.0391
point,w7,RRT*,94,True,52.251,0,0.0372
point,w7,RRT*,95,True,47.706,0,0.0366
point,w7,RRT*,96,True,48.412,0,0.0439
point,w7,RRT*,97,True,47.574,1,0.0382
point,w7,RRT*,98,True,47.308,0,0.0365
point,w7,RRT*,99,True,47.699,0,0.031
point,w6,RRT,0,True,56.219,0,0.0061
point,w6,RRT,1,True,63.262,0,0.0032
point,w6,RRT,2,True,54.612,1,0.0027
point,w6,RRT,3,True,64.534,0,0.0028
point,w6,RRT,4,True,58.36,0,0.0041
point,w6,RRT,5,True,57.355,0,0.0036
point,w6,RRT,6,True,52.995,0,0.0004
point,w6,RRT,7,True,53.873,0,0.001
point,w6,RRT,8,True,59.634,0,0.0025
point,w6,RRT,9,True,61.273,0,0.0057
point,w6,RRT,10,True,51.842,0,0.0028
point,w6,RRT,11,True,62.956,0,0.0044
point,w6,RRT,12,True,59.171,0,0.0071
point,w6,RRT,13,True,51.802,0,0.0012
point,w6,RRT,14,True,64.178,0,0.0031
point,w6,RRT,15,True,61.2,1,0.006
point,w6,RRT,16,True,61.216,1,0.0156
point,w6,RRT,17,True,52.451,0,0.0005
point,w6,RRT,18,True,61.344,0,0.0042
point,w6,RRT,19,True,56.833,0,0.0038
point,w6,RRT,20,True,58.439,0,0.0017
point,w6,RRT,21,True,55.784,0,0.0034
point,w6,RRT,22,True,59.418,0,0.0082
point,w6,RRT,23,True,54.064,0,0.0038
point,w6,RRT,24,True,54.434,1,0.0031
point,w6,RRT,25,True,56.535,0,0.0058
point,w6,RRT,26,True,59.207,0,0.0044
point,w6,RRT,27,True,56.091,0,0.0074
point,w6,RRT,28,True,57.353,0,0.0012
point,w6,RRT,29,True,59.514,0,0.0082
point,w6,RRT,30,True,56.289,0,0.0028
point,w6,RRT,31,True,51.427,0,0.0018
point,w6,RRT,32,True,59.065,0,0.0077
point,w6,RRT,33,True,59.999,0,0.0066
point,w6,RRT,34,True,54.228,0,0.0015
point,w6,RRT,35,True,50.704,0,0.0017
point,w6,RRT,36,True,59.678,0,0.0039
point,w6,RRT,37,True,59.662,0,0.0046
point,w6,RRT,38,True,52.758,0,0.0005
point,w6,RRT,39,True,57.574,1,0.0056
point,w6,RRT,40,True,58.555,0,0.004
point,w6,RRT,41,True,60.433,1,0.0034
point,w6,RRT,42,True,54.329,0,0.0036
point,w6,RRT,43,True,55.944,0,0.0023
point,w6,RRT,44,True,55.227,0,0.0008
point,w6,RRT,45,True,62.099,1,0.0023
point,w6,RRT,46,True,62.21,0,0.0029
point,w6,RRT,47,True,53.803,0,0.0006
point,w6,RRT,48,True,54.117,0,0.0058
point,w6,RRT,49,True,57.44,0,0.005
point,w6,RRT,50,True,60.884,0,0.0079
point,w6,RRT,51,True,65.775,0,0.0017
point,w6,RRT,52,True,60.272,0,0.0026
point,w6,RRT,53,True,57.561,0,0.0011
point,w6,RRT,54,True,52.352,0,0.0059
point,w6,RRT,55,True,61.505,0,0.003
point,w6,RRT,56,True,56.137,0,0.0016
point,w6,RRT,57,True,58.008,0,0.0017
point,w6,RRT,58,True,57.402,0,0.001
point,w6,RRT,59,True,56.219,0,0.0026
point,w6,RRT,60,True,62.946,0,0.004
point,w6,RRT,61,True,65.418,0,0.0063
point,w6,RRT,62,True,60.367,0,0.0039
point,w6,RRT,63,True,59.45,0,0.0047
point,w6,RRT,64,True,58.182,0,0.0059
point,w6,RRT,65,True,55.954,0,0.0007
point,w6,RRT,66,True,58.933,0,0.006
point,w6,RRT,67,True,56.451,0,0.003
point,w6,RRT,68,True,62.424,0,0.0081
point,w6,RRT,69,True,58.36,0,0.0059
point,w6,RRT,70,True,63.897,0,0.0067
point,w6,RRT,71,True,63.344,0,0.0046
point,w6,RRT,72,True,69.369,0,0.0039
point,w6,RRT,73,True,59.767,0,0.0039
point,w6,RRT,74,True,57.687,0,0.0043
point,w6,RRT,75,True,51.517,0,0.0033
point,w6,RRT,76,True,58.026,0,0.0032
point,w6,RRT,77,True,60.435,0,0.006
point,w6,RRT,78,True,62.694,0,0.0033
point,w6,RRT,79,True,55.543,0,0.0059
point,w6,RRT,80,True,64.11,0,0.0091
point,w6,RRT,81,True,65.27,0,0.0034
point,w6,RRT,82,True,65.784,0,0.0051
point,w6,RRT,83,True,57.23,0,0.0109
point,w6,RRT,84,True,57.84,0,0.0034
point,w6,RRT,85,True,61.523,0,0.004
point,w6,RRT,86,True,53.514,0,0.0038
point,w6,RRT,87,True,51.485,0,0.0004
point,w6,RRT,88,True,58.108,0,0.0025
point,w6,RRT,89,True,61.964,0,0.0025
point,w6,RRT,90,True,54.946,0,0.0039
point,w6,RRT,91,True,58.679,0,0.0056
point,w6,RRT,92,True,53.731,0,0.0022
point,w6,RRT,93,True,67.932,0,0.0081
point,w6,RRT,94,True,62.902,0,0.0087
point,w6,RRT,95,True,56.627,0,0.003
point,w6,RRT,96,True,58.723,1,0.0046
point,w6,RRT,97,True,56.463,0,0.0054
point,w6,RRT,98,True,63.317,1,0.0044
point,w6,RRT,99,True,60.182,0,0.0043
point,w6,RRT*,0,True,48.533,0,0.0262
point,w6,RRT*,1,True,49.783,0,0.034
point,w6,RRT*,2,True,48.323,1,0.0359
point,w6,RRT*,3,True,47.859,0,0.036
point,w6,RRT*,4,True,48.059,0,0.0363
point,w6,RRT*,5,True,48.862,0,0.0334
point,w6,RRT*,6,True,47.882,0,0.0374
point,w6,RRT*,7,True,47.302,0,0.0367
point,w6,RRT*,8,True,48.186,1,0.0321
point,w6,RRT*,9,True,47.756,0,0.0329
point,w6,RRT*,10,True,47.77,0,0.0382
point,w6,RRT*,11,True,47.617,0,0.0357
point,w6,RRT*,12,True,48.777,0,0.036
point,w6,RRT*,13,True,47.38,0,0.0397
point,w6,RRT*,14,True,48.367,0,0.0386
point,w6,RRT*,15,True,48.461,0,0.0409
point,w6,RRT*,16,True,47.848,0,0.0337
point,w6,RRT*,17,True,47.576,0,0.0351
point,w6,RRT*,18,True,47.917,0,0.0338
point,w6,RRT*,19,True,47.696,0,0.038
point,w6,RRT*,20,True,48.048,0,0.0332
point,w6,RRT*,21,True,47.912,0,0.0359
point,w6,RRT*,22,True,47.911,0,0.0368
point,w6,RRT*,23,True,48.291,1,0.0371
point,w6,RRT*,24,True,48.39,0,0.0385
point,w6,RRT*,25,True,49.714,0,0.0344
point,w6,RRT*,26,True,47.884,0,0.0394
point,w6,RRT*,27,True,47.447,0,0.0357
point,w6,RRT*,28,True,47.535,0,0.0337
point,w6,RRT*,29,True,47.986,0,0.0322
point,w6,RRT*,30,True,48.021,0,0.0369
point,w6,RRT*,31,True,47.985,0,0.058
point,w6,RRT*,32,True,48.016,0,0.0372
point,w6,RRT*,33,True,48.917,0,0.0308
point,w6,RRT*,34,True,47.6,0,0.0378
point,w6,RRT*,35,True,47.534,0,0.0349
point,w6,RRT*,36,True,47.815,0,0.0349
point,w6,RRT*,37,True,48.654,0,0.0406
point,w6,RRT*,38,True,47.947,0,0.035
point,w6,RRT*,39,True,48.668,0,0.0371
point,w6,RRT*,40,True,47.593,0,0.0376
point,w6,RRT*,41,True,47.802,0,0.0362
point,w6,RRT*,42,True,47.589,0,0.0378
point,w6,RRT*,43,True,48.031,0,0.0352
point,w6,RRT*,44,True,48.169,0,0.0379
point,w6,RRT*,45,True,47.85,0,0.0343
point,w6,RRT*,46,True,47.687,0,0.042
point,w6,RRT*,47,True,47.404,0,0.0372
point,w6,RRT*,48,True,48.931,0,0.0329
point,w6,RRT*,49,True,47.962,0,0.0345
point,w6,RRT*,50,True,47.572,0,0.0333
point,w6,RRT*,51,True,48.114,0,0.0363
point,w6,RRT*,52,True,50.294,0,0.0372
point,w6,RRT*,53,True,48.957,0,0.0367
point,w6,RRT*,54,True,48.089,0,0.0347
point,w6,RRT*,55,True,48.479,0,0.0376
point,w6,RRT*,56,True,48.504,1,0.0367
point,w6,RRT*,57,True,47.525,0,0.0369
point,w6,RRT*,58,True,47.415,0,0.0346
point,w6,RRT*,59,True,48.467,0,0.0391
point,w6,RRT*,60,True,48.194,0,0.0368
point,w6,RRT*,61,True,48.505,0,0.0345
point,w6,RRT*,62,True,48.445,0,0.0351
point,w6,RRT*,63,True,48.479,0,0.0337
point,w6,RRT*,64,True,48.638,0,0.0356
point,w6,RRT*,65,True,47.374,0,0.0372
point,w6,RRT*,66,True,47.936,0,0.0393
point,w6,RRT*,67,True,48.023,0,0.0359
point,w6,RRT*,68,True,48.071,0,0.0357
point,w6,RRT*,69,True,47.446,0,0.0338
point,w6,RRT*,70,True,48.434,0,0.0357
point,w6,RRT*,71,True,49.61,0,0.0364
point,w6,RRT*,72,True,48.845,0,0.036
point,w6,RRT*,73,True,47.35,0,0.035
point,w6,RRT*,74,True,48.024,0,0.0428
point,w6,RRT*,75,True,47.443,0,0.0551
point,w6,RRT*,76,True,47.561,0,0.0467
point,w6,RRT*,77,True,47.658,0,0.0321
point,w6,RRT*,78,True,47.78,0,0.039
point,w6,RRT*,79,True,47.521,0,0.0384
point,w6,RRT*,80,True,48.601,0,0.0268
point,w6,RRT*,81,True,49.431,0,0.0374
point,w6,RRT*,82,True,48.681,0,0.0395
point,w6,RRT*,83,True,47.444,0,0.0386
point,w6,RRT*,84,True,48.421,0,0.0387
point,w6,RRT*,85,True,47.439,0,0.0356
point,w6,RRT*,86,True,47.766,0,0.0351
point,w6,RRT*,87,True,47.848,0,0.0345
point,w6,RRT*,88,True,47.898,0,0.035
point,w6,RRT*,89,True,47.617,0,0.0315
point,w6,RRT*,90,True,48.48,0,0.0357
point,w6,RRT*,91,True,47.549,0,0.0365
point,w6,RRT*,92,True,48.988,0,0.0359
point,w6,RRT*,93,True,47.919,0,0.0357
point,w6,RRT*,94,True,52.251,0,0.037
point,w6,RRT*,95,True,48.773,0,0.0379
point,w6,RRT*,96,True,49.299,0,0.0376
point,w6,RRT*,97,True,47.525,0,0.0393
point,w6,RRT*,98,True,47.617,0,0.0357
point,w6,RRT*,99,True,47.91,0,0.0311
point,w5,RRT,0,True,56.219,0,0.0061
point,w5,RRT,1,True,63.262,0,0.0032
point,w5,RRT,2,True,54.612,0,0.0028
point,w5,RRT,3,True,55.95,0,0.0049
point,w5,RRT,4,True,58.36,0,0.0042
point,w5,RRT,5,True,57.355,0,0.0035
point,w5,RRT,6,True,52.995,0,0.0005
point,w5,RRT,7,True,56.095,0,0.001
point,w5,RRT,8,True,59.634,0,0.0024
point,w5,RRT,9,True,61.273,0,0.0057
point,w5,RRT,10,True,51.842,0,0.0031
point,w5,RRT,11,True,62.956,0,0.0043
point,w5,RRT,12,True,66.173,0,0.0065
point,w5,RRT,13,True,51.802,0,0.0012
point,w5,RRT,14,True,64.178,0,0.0031
point,w5,RRT,15,True,61.2,1,0.0058
point,w5,RRT,16,True,61.216,1,0.0158
point,w5,RRT,17,True,52.451,0,0.0005
point,w5,RRT,18,True,61.344,0,0.0042
point,w5,RRT,19,True,56.833,0,0.0038
point,w5,RRT,20,True,58.439,0,0.0016
point,w5,RRT,21,True,55.784,0,0.0035
point,w5,RRT,22,True,59.418,0,0.0077
point,w5,RRT,23,True,54.064,0,0.0038
point,w5,RRT,24,True,54.434,1,0.003
point,w5,RRT,25,True,60.303,0,0.0055
point,w5,RRT,26,True,59.207,0,0.0042
point,w5,RRT,27,True,54.454,0,0.0032
point,w5,RRT,28,True,57.353,0,0.0012
point,w5,RRT,29,True,59.514,0,0.008
point,w5,RRT,30,True,56.289,0,0.0029
point,w5,RRT,31,True,51.427,0,0.0019
point,w5,RRT,32,True,59.065,0,0.0076
point,w5,RRT,33,True,59.999,0,0.0067
point,w5,RRT,34,True,54.228,0,0.0015
point,w5,RRT,35,True,50.704,0,0.0015
point,w5,RRT,36,True,59.678,0,0.0039
point,w5,RRT,37,True,59.662,0,0.0045
point,w5,RRT,38,True,52.758,0,0.0005
point,w5,RRT,39,True,57.574,0,0.0055
point,w5,RRT,40,True,58.555,0,0.004
point,w5,RRT,41,True,60.433,1,0.0032
point,w5,RRT,42,True,54.329,0,0.0037
point,w5,RRT,43,True,55.944,0,0.0022
point,w5,RRT,44,True,55.227,0,0.0009
point,w5,RRT,45,True,62.099,0,0.0024
point,w5,RRT,46,True,62.21,0,0.0026
point,w5,RRT,47,True,53.803,0,0.0006
point,w5,RRT,48,True,54.117,0,0.0058
point,w5,RRT,49,True,57.44,0,0.005
point,w5,RRT,50,True,60.884,0,0.0079
point,w5,RRT,51,True,65.775,0,0.0016
point,w5,RRT,52,True,60.272,0,0.0025
point,w5,RRT,53,True,57.561,0,0.001
point,w5,RRT,54,True,52.499,0,0.0052
point,w5,RRT,55,True,59.107,0,0.0028
point,w5,RRT,56,True,53.02,0,0.0015
point,w5,RRT,57,True,58.008,0,0.0018
point,w5,RRT,58,True,57.402,0,0.0009
point,w5,RRT,59,True,56.219,0,0.0025
point,w5,RRT,60,True,62.946,0,0.0041
point,w5,RRT,61,True,65.418,0,0.0062
point,w5,RRT,62,True,60.367,0,0.004
point,w5,RRT,63,True,59.45,0,0.0049
point,w5,RRT,64,True,58.182,0,0.0059
point,w5,RRT,65,True,55.954,0,0.0007
point,w5,RRT,66,True,58.933,0,0.0054
point,w5,RRT,67,True,56.451,0,0.003
point,w5,RRT,68,True,55.344,0,0.0092
point,w5,RRT,69,True,58.36,0,0.0058
point,w5,RRT,70,True,63.897,0,0.0068
point,w5,RRT,71,True,63.344,0,0.0045
point,w5,RRT,72,True,69.369,0,0.004
point,w5,RRT,73,True,59.767,0,0.0039
point,w5,RRT,74,True,57.687,0,0.0042
point,w5,RRT,75,True,57.644,0,0.0034
point,w5,RRT,76,True,58.026,0,0.0032
point,w5,RRT,77,True,60.435,0,0.006
point,w5,RRT,78,True,59.692,0,0.0031
point,w5,RRT,79,True,55.543,0,0.0059
point,w5,RRT,80,True,64.11,0,0.0156
point,w5,RRT,81,True,65.27,0,0.0061
point,w5,RRT,82,True,65.784,0,0.0096
point,w5,RRT,83,True,59.766,0,0.0086
point,w5,RRT,84,True,57.84,0,0.0062
point,w5,RRT,85,True,61.523,0,0.004
point,w5,RRT,86,True,64.095,0,0.0059
point,w5,RRT,87,True,51.485,0,0.0004
point,w5,RRT,88,True,58.108,0,0.0025
point,w5,RRT,89,True,61.964,0,0.0025
point,w5,RRT,90,True,54.946,0,0.0037
point,w5,RRT,91,True,58.679,0,0.0054
point,w5,RRT,92,True,53.731,0,0.0022
point,w5,RRT,93,True,61.912,0,0.0102
point,w5,RRT,94,False,0.0,0.0,0.017
point,w5,RRT,95,True,56.627,0,0.0031
point,w5,RRT,96,True,58.723,1,0.0047
point,w5,RRT,97,True,56.463,0,0.0054
point,w5,RRT,98,True,63.317,0,0.0042
point,w5,RRT,99,True,60.182,0,0.0044
point,w5,RRT*,0,True,48.533,0,0.0262
point,w5,RRT*,1,True,49.783,0,0.0342
point,w5,RRT*,2,True,48.216,0,0.0365
point,w5,RRT*,3,True,47.859,0,0.0343
point,w5,RRT*,4,True,48.5,0,0.0378
point,w5,RRT*,5,True,49.181,0,0.034
point,w5,RRT*,6,True,47.979,0,0.0372
point,w5,RRT*,7,True,48.077,0,0.0392
point,w5,RRT*,8,True,48.629,1,0.0322
point,w5,RRT*,9,True,47.916,0,0.0341
point,w5,RRT*,10,True,48.045,1,0.0376
point,w5,RRT*,11,True,48.145,0,0.0367
point,w5,RRT*,12,True,48.797,0,0.0336
point,w5,RRT*,13,True,47.816,0,0.039
point,w5,RRT*,14,True,48.367,0,0.0368
point,w5,RRT*,15,True,48.705,0,0.04
point,w5,RRT*,16,True,48.084,0,0.0346
point,w5,RRT*,17,True,47.947,0,0.0364
point,w5,RRT*,18,True,47.968,0,0.0357
point,w5,RRT*,19,True,47.928,0,0.0381
point,w5,RRT*,20,True,48.794,0,0.0331
point,w5,RRT*,21,True,48.552,0,0.0361
point,w5,RRT*,22,True,47.981,0,0.0365
point,w5,RRT*,23,True,48.125,0,0.0351
point,w5,RRT*,24,True,48.39,0,0.038
point,w5,RRT*,25,True,49.714,0,0.0355
point,w5,RRT*,26,True,48.097,0,0.0393
point,w5,RRT*,27,True,47.549,0,0.0375
point,w5,RRT*,28,True,47.805,0,0.0332
point,w5,RRT*,29,True,47.986,0,0.0328
point,w5,RRT*,30,True,48.021,0,0.0368
point,w5,RRT*,31,True,48.21,0,0.0369
point,w5,RRT*,32,True,49.254,0,0.0365
point,w5,RRT*,33,True,49.116,0,0.0306
point,w5,RRT*,34,True,48.254,1,0.0378
point,w5,RRT*,35,True,47.76,0,0.0345
point,w5,RRT*,36,True,47.762,0,0.0352
point,w5,RRT*,37,True,48.974,0,0.0395
point,w5,RRT*,38,True,47.947,0,0.0345
point,w5,RRT*,39,True,49.16,0,0.0369
point,w5,RRT*,40,True,47.593,0,0.0372
point,w5,RRT*,41,True,48.687,0,0.0342
point,w5,RRT*,42,True,47.748,0,0.0381
point,w5,RRT*,43,True,48.212,0,0.0356
point,w5,RRT*,44,True,48.169,0,0.0377
point,w5,RRT*,45,True,47.85,0,0.0329
point,w5,RRT*,46,True,48.192,0,0.0401
point,w5,RRT*,47,True,47.868,0,0.036
point,w5,RRT*,48,True,49.419,0,0.0322
point,w5,RRT*,49,True,48.308,0,0.0345
point,w5,RRT*,50,True,48.183,0,0.0346
point,w5,RRT*,51,True,49.074,0,0.048
point,w5,RRT*,52,True,50.294,0,0.0345
point,w5,RRT*,53,True,49.335,0,0.0385
point,w5,RRT*,54,True,48.089,0,0.0475
point,w5,RRT*,55,True,48.721,0,0.0406
point,w5,RRT*,56,True,48.698,0,0.0346
point,w5,RRT*,57,True,47.621,0,0.0365
point,w5,RRT*,58,True,47.623,0,0.0365
point,w5,RRT*,59,True,49.12,0,0.0381
point,w5,RRT*,60,True,48.752,0,0.0355
point,w5,RRT*,61,True,48.505,0,0.0346
point,w5,RRT*,62,True,48.584,0,0.0345
point,w5,RRT*,63,True,48.489,0,0.0334
point,w5,RRT*,64,True,49.345,0,0.0313
point,w5,RRT*,65,True,47.593,0,0.0389
point,w5,RRT*,66,True,48.207,0,0.0327
point,w5,RRT*,67,True,48.023,0,0.0345
point,w5,RRT*,68,True,48.647,0,0.0364
point,w5,RRT*,69,True,48.218,0,0.0338
point,w5,RRT*,70,True,48.434,0,0.0353
point,w5,RRT*,71,True,50.44,0,0.0353
point,w5,RRT*,72,True,49.314,0,0.0356
point,w5,RRT*,73,True,48.299,0,0.0364
point,w5,RRT*,74,True,48.815,0,0.0401
point,w5,RRT*,75,True,49.308,0,0.0304
point,w5,RRT*,76,True,48.303,0,0.0352
point,w5,RRT*,77,True,47.786,0,0.0333
point,w5,RRT*,78,True,47.559,0,0.0364
point,w5,RRT*,79,True,47.778,0,0.037
point,w5,RRT*,80,True,48.897,0,0.0275
point,w5,RRT*,81,True,49.431,0,0.0325
point,w5,RRT*,82,True,48.681,0,0.0339
point,w5,RRT*,83,True,47.641,0,0.0341
point,w5,RRT*,84,True,48.64,0,0.0378
point,w5,RRT*,85,True,47.598,0,0.0351
point,w5,RRT*,86,True,48.441,0,0.0323
point,w5,RRT*,87,True,47.899,0,0.035
point,w5,RRT*,88,True,48.503,0,0.0349
point,w5,RRT*,89,True,47.843,0,0.0317
point,w5,RRT*,90,True,48.512,0,0.0353
point,w5,RRT*,91,True,47.588,0,0.0347
point,w5,RRT*,92,True,49.116,0,0.0326
point,w5,RRT*,93,True,47.919,0,0.0365
point,w5,RRT*,94,False,0.0,0.0,0.0295
point,w5,RRT*,95,True,48.204,0,0.0373
point,w5,RRT*,96,True,49.861,0,0.037
point,w5,RRT*,97,True,47.634,0,0.0381
point,w5,RRT*,98,True,48.329,0,0.0348
point,w5,RRT*,99,True,48.814,0,0.0299
point,w4,RRT,0,True,73.029,0,0.0091
point,w4,RRT,1,True,60.442,1,0.0057
point,w4,RRT,2,True,54.612,0,0.0026
point,w4,RRT,3,True,55.95,0,0.0048
point,w4,RRT,4,True,61.353,0,0.0041
point,w4,RRT,5,True,57.355,0,0.0035
point,w4,RRT,6,True,58.946,0,0.0036
point,w4,RRT,7,True,56.347,0,0.001
point,w4,RRT,8,True,60.537,0,0.0025
point,w4,RRT,9,True,61.273,0,0.0061
point,w4,RRT,10,True,51.842,0,0.0027
point,w4,RRT,11,True,60.182,0,0.0057
point,w4,RRT,12,True,66.173,0,0.0067
point,w4,RRT,13,True,57.766,0,0.0139
point,w4,RRT,14,True,63.592,0,0.0034
point,w4,RRT,15,True,61.2,0,0.0058
point,w4,RRT,16,True,61.216,1,0.0157
point,w4,RRT,17,True,53.479,0,0.0005
point,w4,RRT,18,True,61.28,0,0.005
point,w4,RRT,19,True,56.833,0,0.0039
point,w4,RRT,20,True,56.352,0,0.0016
point,w4,RRT,21,True,58.695,0,0.0034
point,w4,RRT,22,True,58.174,0,0.0087
point,w4,RRT,23,True,57.761,1,0.0047
point,w4,RRT,24,True,54.434,1,0.0029
point,w4,RRT,25,True,59.227,0,0.0074
point,w4,RRT,26,True,59.207,0,0.0067
point,w4,RRT,27,True,54.278,0,0.0037
point,w4,RRT,28,True,55.427,0,0.0014
point,w4,RRT,29,True,53.61,0,0.0007
point,w4,RRT,30,True,56.289,0,0.0032
point,w4,RRT,31,True,57.432,0,0.008
point,w4,RRT,32,True,59.065,0,0.011
point,w4,RRT,33,True,59.999,0,0.0064
point,w4,RRT,34,True,55.551,0,0.0007
point,w4,RRT,35,True,61.761,0,0.0085
point,w4,RRT,36,True,59.678,0,0.0077
point,w4,RRT,37,True,54.516,0,0.0043
point,w4,RRT,38,True,56.023,0,0.0021
point,w4,RRT,39,True,57.574,0,0.0051
point,w4,RRT,40,True,58.555,0,0.0051
point,w4,RRT,41,True,60.433,1,0.006
point,w4,RRT,42,True,54.329,0,0.0063
point,w4,RRT,43,True,55.944,0,0.0023
point,w4,RRT,44,True,51.57,0,0.001
point,w4,RRT,45,True,62.099,0,0.0022
point,w4,RRT,46,True,61.378,0,0.0026
point,w4,RRT,47,True,53.803,0,0.0006
point,w4,RRT,48,True,54.603,0,0.0027
point,w4,RRT,49,True,57.44,0,0.0049
point,w4,RRT,50,True,60.884,0,0.0076
point,w4,RRT,51,True,65.775,0,0.0016
point,w4,RRT,52,True,60.272,0,0.0041
point,w4,RRT,53,True,54.732,0,0.0014
point,w4,RRT,54,True,64.676,0,0.0109
point,w4,RRT,55,True,59.107,0,0.0058
point,w4,RRT,56,True,53.02,0,0.0031
point,w4,RRT,57,True,58.008,0,0.0035
point,w4,RRT,58,True,59.654,0,0.0121
point,w4,RRT,59,True,58.023,0,0.0087
point,w4,RRT,60,True,59.27,0,0.0033
point,w4,RRT,61,True,65.418,0,0.0059
point,w4,RRT,62,True,58.302,0,0.0036
point,w4,RRT,63,True,59.45,0,0.0045
point,w4,RRT,64,True,58.182,0,0.0067
point,w4,RRT,65,True,59.245,0,0.0059
point,w4,RRT,66,True,58.933,0,0.0054
point,w4,RRT,67,True,57.765,0,0.0022
point,w4,RRT,68,True,55.344,0,0.0082
point,w4,RRT,69,True,58.36,0,0.006
point,w4,RRT,70,True,60.643,0,0.006
point,w4,RRT,71,True,63.344,0,0.0045
point,w4,RRT,72,True,69.369,0,0.0041
point,w4,RRT,73,True,59.767,0,0.004
point,w4,RRT,74,True,54.472,0,0.0047
point,w4,RRT,75,True,57.644,0,0.0033
point,w4,RRT,76,True,56.035,0,0.0051
point,w4,RRT,77,True,60.435,0,0.0056
point,w4,RRT,78,True,59.692,0,0.003
point,w4,RRT,79,True,55.543,0,0.0055
point,w4,RRT,80,True,64.11,0,0.0088
point,w4,RRT,81,True,65.27,0,0.0033
point,w4,RRT,82,True,65.784,0,0.0054
point,w4,RRT,83,True,59.766,0,0.0044
point,w4,RRT,84,True,59.076,0,0.0032
point,w4,RRT,85,True,61.523,0,0.0039
point,w4,RRT,86,True,68.691,0,0.0059
point,w4,RRT,87,True,59.18,0,0.0051
point,w4,RRT,88,True,56.451,0,0.003
point,w4,RRT,89,True,64.174,0,0.0039
point,w4,RRT,90,True,54.946,0,0.0038
point,w4,RRT,91,True,61.412,0,0.0048
point,w4,RRT,92,True,53.731,0,0.0021
point,w4,RRT,93,True,61.912,0,0.0077
point,w4,RRT,94,False,0.0,0.0,0.0162
point,w4,RRT,95,True,56.879,0,0.003
point,w4,RRT,96,True,58.723,1,0.0043
point,w4,RRT,97,True,61.534,0,0.0053
point,w4,RRT,98,True,63.317,0,0.0043
point,w4,RRT,99,True,60.182,0,0.004
point,w4,RRT*,0,True,49.787,0,0.0249
point,w4,RRT*,1,True,49.45,1,0.0281
point,w4,RRT*,2,True,47.953,0,0.0363
point,w4,RRT*,3,True,47.844,0,0.0337
point,w4,RRT*,4,True,48.478,0,0.0367
point,w4,RRT*,5,True,49.181,0,0.0339
point,w4,RRT*,6,True,48.411,0,0.0365
point,w4,RRT*,7,True,48.251,0,0.0372
point,w4,RRT*,8,True,48.922,0,0.035
point,w4,RRT*,9,True,48.977,0,0.0553
point,w4,RRT*,10,True,48.142,0,0.0499
point,w4,RRT*,11,True,48.395,0,0.0372
point,w4,RRT*,12,True,48.797,0,0.0458
point,w4,RRT*,13,True,49.14,0,0.0398
point,w4,RRT*,14,True,49.285,0,0.0413
point,w4,RRT*,15,True,49.142,0,0.0411
point,w4,RRT*,16,True,48.084,0,0.0342
point,w4,RRT*,17,True,48.648,0,0.0364
point,w4,RRT*,18,True,48.896,0,0.0318
point,w4,RRT*,19,True,47.782,0,0.0388
point,w4,RRT*,20,True,48.26,0,0.0326
point,w4,RRT*,21,True,48.552,0,0.0348
point,w4,RRT*,22,True,48.712,0,0.0342
point,w4,RRT*,23,True,49.143,0,0.0361
point,w4,RRT*,24,True,48.39,0,0.0376
point,w4,RRT*,25,True,51.281,0,0.0322
point,w4,RRT*,26,True,48.518,0,0.0393
point,w4,RRT*,27,True,47.878,0,0.0384
point,w4,RRT*,28,True,47.918,0,0.0334
point,w4,RRT*,29,True,47.83,0,0.0334
point,w4,RRT*,30,True,48.607,1,0.036
point,w4,RRT*,31,True,49.611,0,0.0347
point,w4,RRT*,32,True,49.254,0,0.0366
point,w4,RRT*,33,True,49.161,0,0.033
point,w4,RRT*,34,True,48.499,0,0.036
point,w4,RRT*,35,True,48.449,0,0.0358
point,w4,RRT*,36,True,48.203,0,0.034
point,w4,RRT*,37,True,48.341,0,0.0387
point,w4,RRT*,38,True,48.825,0,0.0322
point,w4,RRT*,39,True,49.163,0,0.0363
point,w4,RRT*,40,True,47.753,0,0.0368
point,w4,RRT*,41,True,49.239,1,0.0332
point,w4,RRT*,42,True,47.908,0,0.036
point,w4,RRT*,43,True,48.212,0,0.0343
point,w4,RRT*,44,True,47.995,0,0.0397
point,w4,RRT*,45,True,50.364,0,0.0331
point,w4,RRT*,46,True,48.797,0,0.039
point,w4,RRT*,47,True,48.991,0,0.0353
point,w4,RRT*,48,True,48.4,0,0.0343
point,w4,RRT*,49,True,48.332,0,0.0337
point,w4,RRT*,50,True,48.372,0,0.0326
point,w4,RRT*,51,True,49.211,0,0.0391
point,w4,RRT*,52,True,50.294,0,0.035
point,w4,RRT*,53,True,48.434,0,0.0387
point,w4,RRT*,54,True,49.287,0,0.0306
point,w4,RRT*,55,True,48.721,0,0.0384
point,w4,RRT*,56,True,48.818,0,0.0347
point,w4,RRT*,57,True,48.697,0,0.0361
point,w4,RRT*,58,True,49.129,0,0.0307
point,w4,RRT*,59,True,49.463,0,0.0355
point,w4,RRT*,60,True,49.724,0,0.034
point,w4,RRT*,61,True,48.716,0,0.035
point,w4,RRT*,62,True,48.724,0,0.0336
point,w4,RRT*,63,True,48.489,0,0.0332
point,w4,RRT*,64,True,49.855,1,0.0317
point,w4,RRT*,65,True,49.572,0,0.0299
point,w4,RRT*,66,True,49.085,0,0.0326
point,w4,RRT*,67,True,48.175,0,0.0349
point,w4,RRT*,68,True,48.647,0,0.0351
point,w4,RRT*,69,True,48.44,0,0.0326
point,w4,RRT*,70,True,48.558,0,0.0319
point,w4,RRT*,71,True,50.44,0,0.0355
point,w4,RRT*,72,True,50.17,0,0.0363
point,w4,RRT*,73,True,48.383,1,0.0345
point,w4,RRT*,74,True,48.964,0,0.0385
point,w4,RRT*,75,True,49.308,0,0.0307
point,w4,RRT*,76,True,47.829,0,0.0345
point,w4,RRT*,77,True,47.806,0,0.0327
point,w4,RRT*,78,True,47.854,0,0.036
point,w4,RRT*,79,True,48.141,0,0.0476
point,w4,RRT*,80,True,49.761,1,0.0324
point,w4,RRT*,81,True,49.431,0,0.0344
point,w4,RRT*,82,True,48.681,0,0.0317
point,w4,RRT*,83,True,47.801,0,0.0343
point,w4,RRT*,84,True,49.144,1,0.0381
point,w4,RRT*,85,True,47.942,0,0.0346
point,w4,RRT*,86,True,49.726,0,0.0315
point,w4,RRT*,87,True,48.258,0,0.035
point,w4,RRT*,88,True,49.667,0,0.0333
point,w4,RRT*,89,True,48.03,0,0.0312
point,w4,RRT*,90,True,48.925,0,0.0369
point,w4,RRT*,91,True,48.446,0,0.0349
point,w4,RRT*,92,True,49.116,0,0.0328
point,w4,RRT*,93,True,47.919,0,0.0361
point,w4,RRT*,94,False,0.0,0.0,0.0292
point,w4,RRT*,95,True,49.771,0,0.037
point,w4,RRT*,96,True,49.861,0,0.0366
point,w4,RRT*,97,True,48.612,0,0.0355
point,w4,RRT*,98,True,48.394,0,0.0346
point,w4,RRT*,99,True,48.814,0,0.031
point,wide,RRT,0,True,53.27,3,0.0005
point,wide,RRT,1,True,57.27,3,0.0005
point,wide,RRT,2,True,50.175,4,0.0004
point,wide,RRT,3,True,58.395,3,0.0006
point,wide,RRT,4,True,53.207,2,0.0015
point,wide,RRT,5,True,55.02,4,0.0014
point,wide,RRT,6,True,58.055,4,0.0006
point,wide,RRT,7,True,59.785,2,0.0012
point,wide,RRT,8,True,55.166,3,0.0014
point,wide,RRT,9,True,55.024,4,0.0008
point,wide,RRT,10,True,49.227,4,0.001
point,wide,RRT,11,True,53.785,4,0.0017
point,wide,RRT,12,True,49.687,4,0.0011
point,wide,RRT,13,True,53.963,3,0.0015
point,wide,RRT,14,True,84.964,0,0.0041
point,wide,RRT,15,True,54.129,2,0.0006
point,wide,RRT,16,True,56.905,1,0.0022
point,wide,RRT,17,True,54.471,4,0.0007
point,wide,RRT,18,True,58.099,3,0.0011
point,wide,RRT,19,True,57.561,4,0.0005
point,wide,RRT,20,True,59.257,3,0.0007
point,wide,RRT,21,True,51.02,4,0.0005
point,wide,RRT,22,True,52.768,2,0.0021
point,wide,RRT,23,True,59.601,4,0.0013
point,wide,RRT,24,True,57.301,4,0.0007
point,wide,RRT,25,True,52.389,3,0.0005
point,wide,RRT,26,True,52.679,4,0.0005
point,wide,RRT,27,True,56.141,2,0.0007
point,wide,RRT,28,True,57.634,3,0.0009
point,wide,RRT,29,True,51.954,4,0.0007
point,wide,RRT,30,True,59.46,3,0.0008
point,wide,RRT,31,True,56.191,4,0.0006
point,wide,RRT,32,True,58.641,4,0.0019
point,wide,RRT,33,True,55.492,1,0.0022
point,wide,RRT,34,True,52.284,4,0.0008
point,wide,RRT,35,True,54.964,4,0.0009
point,wide,RRT,36,True,54.975,3,0.0044
point,wide,RRT,37,True,70.022,2,0.0054
point,wide,RRT,38,True,66.497,3,0.0006
point,wide,RRT,39,True,51.625,4,0.0006
point,wide,RRT,40,True,53.266,4,0.0009
point,wide,RRT,41,True,60.173,3,0.001
point,wide,RRT,42,True,61.126,3,0.0062
point,wide,RRT,43,True,62.36,4,0.0007
point,wide,RRT,44,True,66.707,4,0.0012
point,wide,RRT,45,True,52.55,3,0.0007
point,wide,RRT,46,True,57.561,3,0.0014
point,wide,RRT,47,True,56.351,3,0.0005
point,wide,RRT,48,True,54.603,4,0.0007
point,wide,RRT,49,True,51.848,4,0.0016
point,wide,RRT,50,True,50.631,4,0.0004
point,wide,RRT,51,True,60.173,4,0.0006
point,wide,RRT,52,True,53.047,3,0.0007
point,wide,RRT,53,True,56.128,4,0.0009
point,wide,RRT,54,True,54.946,4,0.0007
point,wide,RRT,55,True,58.661,4,0.0008
point,wide,RRT,56,True,54.778,4,0.0012
point,wide,RRT,57,True,54.893,4,0.0011
point,wide,RRT,58,True,63.349,0,0.0024
point,wide,RRT,59,True,56.762,3,0.001
point,wide,RRT,60,True,54.743,4,0.0009
point,wide,RRT,61,True,51.45,4,0.0007
point,wide,RRT,62,True,65.876,0,0.0016
point,wide,RRT,63,True,54.442,4,0.0008
point,wide,RRT,64,True,64.037,4,0.0008
point,wide,RRT,65,True,57.27,4,0.0004
point,wide,RRT,66,True,52.137,3,0.0016
point,wide,RRT,67,True,59.533,4,0.0011
point,wide,RRT,68,True,60.357,4,0.0006
point,wide,RRT,69,True,50.026,4,0.0008
point,wide,RRT,70,True,62.493,3,0.0011
point,wide,RRT,71,True,59.136,3,0.0008
point,wide,RRT,72,True,53.461,4,0.0008
point,wide,RRT,73,True,52.278,3,0.0006
point,wide,RRT,74,True,52.612,4,0.0021
point,wide,RRT,75,True,49.131,4,0.0008
point,wide,RRT,76,True,52.127,4,0.0004
point,wide,RRT,77,True,59.349,4,0.0005
point,wide,RRT,78,True,52.568,4,0.001
point,wide,RRT,79,True,59.198,3,0.0012
point,wide,RRT,80,True,62.603,0,0.0012
point,wide,RRT,81,True,57.993,1,0.0063
point,wide,RRT,82,True,60.026,4,0.0019
point,wide,RRT,83,True,52.67,4,0.0008
point,wide,RRT,84,True,64.845,2,0.0045
point,wide,RRT,85,True,51.45,2,0.0015
point,wide,RRT,86,True,65.223,1,0.0013
point,wide,RRT,87,True,72.718,2,0.0066
point,wide,RRT,88,True,61.45,2,0.0035
point,wide,RRT,89,True,63.282,2,0.001
point,wide,RRT,90,True,63.097,3,0.0013
point,wide,RRT,91,True,63.01,2,0.0022
point,wide,RRT,92,True,53.591,4,0.0004
point,wide,RRT,93,True,53.61,3,0.001
point,wide,RRT,94,True,62.725,4,0.0024
point,wide,RRT,95,True,55.447,3,0.0034
point,wide,RRT,96,True,62.333,3,0.0011
point,wide,RRT,97,True,54.129,4,0.001
point,wide,RRT,98,True,64.57,2,0.0025
point,wide,RRT,99,True,55.381,4,0.0013
point,wide,RRT*,0,True,46.547,4,0.049
point,wide,RRT*,1,True,47.441,3,0.051
point,wide,RRT*,2,True,46.623,4,0.052
point,wide,RRT*,3,True,46.651,4,0.0515
point,wide,RRT*,4,True,46.925,4,0.0499
point,wide,RRT*,5,True,46.736,4,0.0519
point,wide,RRT*,6,True,46.801,4,0.0537
point,wide,RRT*,7,True,46.725,4,0.0573
point,wide,RRT*,8,True,46.651,4,0.0504
point,wide,RRT*,9,True,46.673,4,0.0514
point,wide,RRT*,10,True,46.999,4,0.0749
point,wide,RRT*,11,True,46.538,4,0.0641
point,wide,RRT*,12,True,46.686,4,0.0672
point,wide,RRT*,13,True,46.941,4,0.0589
point,wide,RRT*,14,True,47.835,3,0.0636
point,wide,RRT*,15,True,47.6,4,0.0526
point,wide,RRT*,16,True,46.935,4,0.0535
point,wide,RRT*,17,True,46.936,4,0.0546
point,wide,RRT*,18,True,46.638,4,0.0557
point,wide,RRT*,19,True,46.649,4,0.0539
point,wide,RRT*,20,True,47.086,4,0.0502
point,wide,RRT*,21,True,47.021,4,0.0506
point,wide,RRT*,22,True,46.562,4,0.0536
point,wide,RRT*,23,True,46.486,4,0.0511
point,wide,RRT*,24,True,47.037,3,0.0526
point,wide,RRT*,25,True,46.976,3,0.0504
point,wide,RRT*,26,True,46.725,4,0.0522
point,wide,RRT*,27,True,46.677,4,0.0525
point,wide,RRT*,28,True,46.786,4,0.0491
point,wide,RRT*,29,True,46.686,4,0.0494
point,wide,RRT*,30,True,46.948,4,0.0485
point,wide,RRT*,31,True,46.756,4,0.0541
point,wide,RRT*,32,True,47.258,4,0.0496
point,wide,RRT*,33,True,46.799,4,0.0518
point,wide,RRT*,34,True,46.662,4,0.0515
point,wide,RRT*,35,True,46.561,4,0.0523
point,wide,RRT*,36,True,46.71,4,0.0508
point,wide,RRT*,37,True,46.955,4,0.0533
point,wide,RRT*,38,True,47.229,4,0.0495
point,wide,RRT*,39,True,46.825,4,0.0489
point,wide,RRT*,40,True,46.886,4,0.0502
point,wide,RRT*,41,True,46.662,4,0.0475
point,wide,RRT*,42,True,46.799,4,0.0499
point,wide,RRT*,43,True,46.573,4,0.0509
point,wide,RRT*,44,True,46.764,4,0.0511
point,wide,RRT*,45,True,46.765,4,0.0513
point,wide,RRT*,46,True,46.71,4,0.0519
point,wide,RRT*,47,True,46.551,4,0.0512
point,wide,RRT*,48,True,46.612,4,0.0491
point,wide,RRT*,49,True,46.788,4,0.0533
point,wide,RRT*,50,True,46.538,4,0.0548
point,wide,RRT*,51,True,46.686,4,0.0488
point,wide,RRT*,52,True,47.203,4,0.0477
point,wide,RRT*,53,True,46.688,4,0.0505
point,wide,RRT*,54,True,46.786,4,0.0509
point,wide,RRT*,55,True,46.949,4,0.0511
point,wide,RRT*,56,True,46.814,4,0.0512
point,wide,RRT*,57,True,46.686,4,0.0492
point,wide,RRT*,58,True,46.562,4,0.0479
point,wide,RRT*,59,True,46.873,4,0.0524
point,wide,RRT*,60,True,47.029,4,0.0502
point,wide,RRT*,61,True,47.086,4,0.0542
point,wide,RRT*,62,True,46.759,4,0.0511
point,wide,RRT*,63,True,47.338,4,0.0769
point,wide,RRT*,64,True,46.992,4,0.0667
point,wide,RRT*,65,True,46.831,4,0.0493
point,wide,RRT*,66,True,46.751,4,0.0535
point,wide,RRT*,67,True,46.638,4,0.0543
point,wide,RRT*,68,True,46.499,4,0.0517
point,wide,RRT*,69,True,46.562,4,0.0504
point,wide,RRT*,70,True,47.043,4,0.0529
point,wide,RRT*,71,True,47.593,4,0.072
point,wide,RRT*,72,True,47.172,4,0.0513
point,wide,RRT*,73,True,46.647,4,0.0493
point,wide,RRT*,74,True,46.838,4,0.0516
point,wide,RRT*,75,True,46.412,4,0.0499
point,wide,RRT*,76,True,46.736,4,0.0492
point,wide,RRT*,77,True,46.81,4,0.0499
point,wide,RRT*,78,True,46.638,4,0.0512
point,wide,RRT*,79,True,46.812,4,0.0606
point,wide,RRT*,80,True,47.056,4,0.0514
point,wide,RRT*,81,True,46.701,4,0.0525
point,wide,RRT*,82,True,46.725,4,0.0524
point,wide,RRT*,83,True,46.647,4,0.0547
point,wide,RRT*,84,True,47.489,4,0.0506
point,wide,RRT*,85,True,47.011,4,0.0516
point,wide,RRT*,86,True,46.525,4,0.049
point,wide,RRT*,87,True,47.249,4,0.0532
point,wide,RRT*,88,True,46.81,4,0.0514
point,wide,RRT*,89,True,46.76,4,0.051
point,wide,RRT*,90,True,47.16,3,0.0512
point,wide,RRT*,91,True,46.923,4,0.0558
point,wide,RRT*,92,True,47.075,4,0.0528
point,wide,RRT*,93,True,46.736,4,0.0494
point,wide,RRT*,94,True,46.588,4,0.0529
point,wide,RRT*,95,True,46.799,4,0.0539
point,wide,RRT*,96,True,46.914,4,0.0542
point,wide,RRT*,97,True,46.562,4,0.0529
point,wide,RRT*,98,True,47.02,4,0.0528
point,wide,RRT*,99,True,46.736,4,0.0509
point,multi,RRT,0,True,55.595,0,0.0005
point,multi,RRT,1,True,54.797,0,0.0011
point,multi,RRT,2,True,52.021,0,0.0007
point,multi,RRT,3,True,53.227,0,0.001
point,multi,RRT,4,True,51.372,0,0.0014
point,multi,RRT,5,True,53.523,0,0.001
point,multi,RRT,6,True,54.409,0,0.0006
point,multi,RRT,7,True,59.087,0,0.0011
point,multi,RRT,8,True,56.498,0,0.0031
point,multi,RRT,9,True,54.797,0,0.0008
point,multi,RRT,10,True,51.579,0,0.0016
point,multi,RRT,11,True,59.983,0,0.0013
point,multi,RRT,12,True,56.442,0,0.001
point,multi,RRT,13,True,59.867,0,0.0024
point,multi,RRT,14,True,64.38,0,0.0025
point,multi,RRT,15,True,58.459,0,0.0008
point,multi,RRT,16,True,56.855,0,0.0019
point,multi,RRT,17,True,57.309,0,0.0006
point,multi,RRT,18,True,53.603,0,0.0007
point,multi,RRT,19,True,53.867,0,0.0005
point,multi,RRT,20,True,61.999,0,0.0019
point,multi,RRT,21,True,67.112,0,0.0014
point,multi,RRT,22,True,61.752,0,0.0017
point,multi,RRT,23,True,53.692,0,0.0011
point,multi,RRT,24,True,59.057,0,0.0008
point,multi,RRT,25,True,58.274,0,0.0006
point,multi,RRT,26,True,52.398,0,0.0021
point,multi,RRT,27,True,61.934,0,0.0025
point,multi,RRT,28,True,54.806,0,0.0012
point,multi,RRT,29,True,55.358,0,0.0006
point,multi,RRT,30,True,57.712,0,0.0007
point,multi,RRT,31,True,50.967,0,0.0007
point,multi,RRT,32,True,58.641,0,0.0017
point,multi,RRT,33,True,63.282,0,0.0008
point,multi,RRT,34,True,55.885,0,0.0006
point,multi,RRT,35,True,60.398,0,0.001
point,multi,RRT,36,True,55.687,0,0.0032
point,multi,RRT,37,True,62.956,0,0.004
point,multi,RRT,38,True,54.506,0,0.0005
point,multi,RRT,39,True,62.914,0,0.001
point,multi,RRT,40,True,54.884,0,0.0008
point,multi,RRT,41,True,59.418,0,0.0008
point,multi,RRT,42,True,58.424,0,0.0013
point,multi,RRT,43,True,61.44,0,0.0018
point,multi,RRT,44,True,60.221,0,0.0011
point,multi,RRT,45,True,59.873,0,0.0013
point,multi,RRT,46,True,57.561,1,0.0012
point,multi,RRT,47,True,63.124,0,0.0012
point,multi,RRT,48,True,57.765,1,0.0008
point,multi,RRT,49,True,62.269,0,0.0016
point,multi,RRT,50,True,53.62,0,0.0014
point,multi,RRT,51,True,62.012,0,0.0005
point,multi,RRT,52,True,57.996,0,0.0008
point,multi,RRT,53,True,55.561,0,0.0013
point,multi,RRT,54,True,55.639,0,0.0008
point,multi,RRT,55,True,59.479,0,0.0012
point,multi,RRT,56,True,59.127,0,0.0007
point,multi,RRT,57,True,53.842,0,0.0011
point,multi,RRT,58,True,69.496,0,0.0024
point,multi,RRT,59,True,55.823,0,0.0008
point,multi,RRT,60,True,53.613,0,0.0009
point,multi,RRT,61,True,53.301,0,0.0007
point,multi,RRT,62,True,65.319,0,0.0014
point,multi,RRT,63,True,55.291,0,0.0007
point,multi,RRT,64,True,55.358,0,0.0007
point,multi,RRT,65,True,55.45,0,0.0007
point,multi,RRT,66,True,61.01,0,0.0008
point,multi,RRT,67,True,54.516,0,0.0011
point,multi,RRT,68,True,57.107,0,0.0018
point,multi,RRT,69,True,54.471,0,0.001
point,multi,RRT,70,True,61.331,0,0.0011
point,multi,RRT,71,True,62.593,0,0.0041
point,multi,RRT,72,True,56.278,0,0.002
point,multi,RRT,73,True,53.479,1,0.0004
point,multi,RRT,74,True,55.784,0,0.0036
point,multi,RRT,75,True,52.67,0,0.0008
point,multi,RRT,76,True,62.439,0,0.0013
point,multi,RRT,77,True,55.029,0,0.0012
point,multi,RRT,78,True,54.621,0,0.001
point,multi,RRT,79,True,55.712,0,0.0013
point,multi,RRT,80,True,59.712,0,0.0011
point,multi,RRT,81,True,63.281,0,0.0009
point,multi,RRT,82,True,56.955,0,0.0011
point,multi,RRT,83,True,58.75,0,0.0026
point,multi,RRT,84,True,65.44,0,0.0008
point,multi,RRT,85,True,60.928,0,0.0011
point,multi,RRT,86,True,57.604,0,0.001
point,multi,RRT,87,True,54.7,0,0.0017
point,multi,RRT,88,True,58.117,0,0.0026
point,multi,RRT,89,True,57.256,0,0.001
point,multi,RRT,90,True,60.796,0,0.0062
point,multi,RRT,91,True,60.418,0,0.0015
point,multi,RRT,92,True,61.257,0,0.0007
point,multi,RRT,93,True,60.686,0,0.0011
point,multi,RRT,94,True,57.58,0,0.0005
point,multi,RRT,95,True,63.121,0,0.0022
point,multi,RRT,96,True,52.328,0,0.0024
point,multi,RRT,97,True,55.078,0,0.0015
point,multi,RRT,98,True,60.986,0,0.0025
point,multi,RRT,99,True,67.262,0,0.0011
point,multi,RRT*,0,True,47.862,0,0.0421
point,multi,RRT*,1,True,47.835,1,0.0389
point,multi,RRT*,2,True,47.487,0,0.0663
point,multi,RRT*,3,True,48.334,0,0.05
point,multi,RRT*,4,True,47.626,0,0.0594
point,multi,RRT*,5,True,47.326,0,0.0411
point,multi,RRT*,6,True,47.688,0,0.0414
point,multi,RRT*,7,True,47.486,0,0.0414
point,multi,RRT*,8,True,48.053,0,0.0407
point,multi,RRT*,9,True,47.35,0,0.0405
point,multi,RRT*,10,True,47.649,0,0.0456
point,multi,RRT*,11,True,47.63,0,0.0416
point,multi,RRT*,12,True,48.322,0,0.043
point,multi,RRT*,13,True,47.687,0,0.043
point,multi,RRT*,14,True,47.142,0,0.045
point,multi,RRT*,15,True,47.885,0,0.0467
point,multi,RRT*,16,True,47.494,0,0.0512
point,multi,RRT*,17,True,47.437,0,0.0433
point,multi,RRT*,18,True,47.682,0,0.0502
point,multi,RRT*,19,True,47.319,0,0.0446
point,multi,RRT*,20,True,48.532,0,0.0412
point,multi,RRT*,21,True,47.852,0,0.0411
point,multi,RRT*,22,True,47.374,0,0.044
point,multi,RRT*,23,True,47.406,0,0.0404
point,multi,RRT*,24,True,48.074,0,0.0446
point,multi,RRT*,25,True,47.405,0,0.0431
point,multi,RRT*,26,True,48.922,1,0.0447
point,multi,RRT*,27,True,47.268,0,0.0443
point,multi,RRT*,28,True,47.461,0,0.0393
point,multi,RRT*,29,True,47.631,0,0.0422
point,multi,RRT*,30,True,47.576,1,0.042
point,multi,RRT*,31,True,47.938,0,0.0446
point,multi,RRT*,32,True,47.39,0,0.0429
point,multi,RRT*,33,True,48.776,0,0.0382
point,multi,RRT*,34,True,47.798,0,0.0394
point,multi,RRT*,35,True,47.833,1,0.041
point,multi,RRT*,36,True,47.335,0,0.0409
point,multi,RRT*,37,True,47.702,0,0.0454
point,multi,RRT*,38,True,47.822,0,0.0529
point,multi,RRT*,39,True,49.262,0,0.0416
point,multi,RRT*,40,True,47.593,0,0.0428
point,multi,RRT*,41,True,48.509,0,0.0404
point,multi,RRT*,42,True,47.748,0,0.0488
point,multi,RRT*,43,True,47.293,0,0.0413
point,multi,RRT*,44,True,48.145,0,0.0451
point,multi,RRT*,45,True,47.65,0,0.0434
point,multi,RRT*,46,True,47.857,0,0.044
point,multi,RRT*,47,True,47.636,0,0.0417
point,multi,RRT*,48,True,49.169,0,0.0409
point,multi,RRT*,49,True,47.861,0,0.043
point,multi,RRT*,50,True,47.519,0,0.0414
point,multi,RRT*,51,True,48.345,0,0.044
point,multi,RRT*,52,True,48.933,1,0.0391
point,multi,RRT*,53,True,47.089,0,0.0436
point,multi,RRT*,54,True,48.317,0,0.0419
point,multi,RRT*,55,True,48.801,0,0.0438
point,multi,RRT*,56,True,48.551,0,0.0445
point,multi,RRT*,57,True,47.621,0,0.0411
point,multi,RRT*,58,True,47.389,0,0.0407
point,multi,RRT*,59,True,47.297,0,0.0424
point,multi,RRT*,60,True,48.737,0,0.0419
point,multi,RRT*,61,True,47.823,0,0.0405
point,multi,RRT*,62,True,47.876,1,0.0401
point,multi,RRT*,63,True,47.609,0,0.0408
point,multi,RRT*,64,True,47.344,0,0.0405
point,multi,RRT*,65,True,47.302,0,0.0454
point,multi,RRT*,66,True,47.623,0,0.0453
point,multi,RRT*,67,True,47.549,0,0.0421
point,multi,RRT*,68,True,47.76,0,0.0411
point,multi,RRT*,69,True,47.398,0,0.0413
point,multi,RRT*,70,True,47.765,0,0.0478
point,multi,RRT*,71,True,49.057,0,0.0433
point,multi,RRT*,72,True,48.759,0,0.0428
point,multi,RRT*,73,True,47.902,0,0.0425
point,multi,RRT*,74,True,48.441,0,0.0512
point,multi,RRT*,75,True,48.92,0,0.0464
point,multi,RRT*,76,True,47.268,0,0.0392
point,multi,RRT*,77,True,47.308,0,0.0402
point,multi,RRT*,78,True,47.389,0,0.0428
point,multi,RRT*,79,True,47.674,0,0.0442
point,multi,RRT*,80,True,47.871,0,0.0451
point,multi,RRT*,81,True,48.859,1,0.0433
point,multi,RRT*,82,True,48.436,0,0.0427
point,multi,RRT*,83,True,47.444,0,0.0452
point,multi,RRT*,84,True,48.82,0,0.0429
point,multi,RRT*,85,True,47.178,0,0.0394
point,multi,RRT*,86,True,47.379,0,0.0398
point,multi,RRT*,87,True,48.045,0,0.0405
point,multi,RRT*,88,True,48.503,0,0.0382
point,multi,RRT*,89,True,47.466,0,0.0404
point,multi,RRT*,90,True,48.054,0,0.0404
point,multi,RRT*,91,True,48.034,0,0.0412
point,multi,RRT*,92,True,48.307,0,0.0398
point,multi,RRT*,93,True,47.461,0,0.0439
point,multi,RRT*,94,True,47.943,0,0.0428
point,multi,RRT*,95,True,48.289,1,0.0425
point,multi,RRT*,96,True,48.213,0,0.0416
point,multi,RRT*,97,True,47.341,0,0.0441
point,multi,RRT*,98,True,48.04,0,0.0452
point,multi,RRT*,99,True,48.091,0,0.0377
small,w7,RRT,0,True,55.561,1,0.002
small,w7,RRT,1,True,63.522,1,0.0022
small,w7,RRT,2,True,54.612,1,0.0024
small,w7,RRT,3,True,61.208,1,0.0025
small,w7,RRT,4,True,54.612,1,0.0025
small,w7,RRT,5,True,58.274,1,0.004
small,w7,RRT,6,True,51.832,1,0.0003
small,w7,RRT,7,True,55.489,1,0.0009
small,w7,RRT,8,True,59.227,1,0.0024
small,w7,RRT,9,True,58.976,1,0.0037
small,w7,RRT,10,True,51.842,1,0.0025
small,w7,RRT,11,True,60.956,1,0.0042
small,w7,RRT,12,True,60.864,1,0.0041
small,w7,RRT,13,True,51.802,1,0.0012
small,w7,RRT,14,True,62.332,1,0.0028
small,w7,RRT,15,True,57.973,1,0.003
small,w7,RRT,16,True,59.068,1,0.0018
small,w7,RRT,17,True,53.236,1,0.0042
small,w7,RRT,18,True,56.955,1,0.0017
small,w7,RRT,19,True,57.402,1,0.0036
small,w7,RRT,20,True,59.584,1,0.0015
small,w7,RRT,21,True,53.029,1,0.002
small,w7,RRT,22,True,60.972,1,0.0038
small,w7,RRT,23,True,57.45,1,0.0016
small,w7,RRT,24,True,54.434,1,0.0027
small,w7,RRT,25,True,59.979,1,0.0051
small,w7,RRT,26,True,56.064,1,0.0035
small,w7,RRT,27,True,55.823,0,0.0027
small,w7,RRT,28,True,56.191,1,0.001
small,w7,RRT,29,True,60.333,0,0.0063
small,w7,RRT,30,True,54.648,0,0.0027
small,w7,RRT,31,True,52.249,0,0.0017
small,w7,RRT,32,True,56.686,1,0.0048
small,w7,RRT,33,True,60.075,1,0.0059
small,w7,RRT,34,True,57.299,1,0.0014
small,w7,RRT,35,True,52.955,1,0.0011
small,w7,RRT,36,True,55.131,1,0.0036
small,w7,RRT,37,True,57.885,1,0.0046
small,w7,RRT,38,True,57.457,1,0.0021
small,w7,RRT,39,True,56.095,1,0.0026
small,w7,RRT,40,True,60.0,1,0.0038
small,w7,RRT,41,True,60.433,1,0.0029
small,w7,RRT,42,True,54.737,0,0.0034
small,w7,RRT,43,True,53.198,1,0.0012
small,w7,RRT,44,True,57.626,0,0.003
small,w7,RRT,45,True,67.335,1,0.002
small,w7,RRT,46,True,62.714,1,0.0024
small,w7,RRT,47,True,51.687,1,0.001
small,w7,RRT,48,True,53.944,1,0.0008
small,w7,RRT,49,True,57.44,1,0.0044
small,w7,RRT,50,True,59.765,1,0.003
small,w7,RRT,51,True,68.799,1,0.0024
small,w7,RRT,52,True,61.938,1,0.0024
small,w7,RRT,53,True,58.137,1,0.001
small,w7,RRT,54,True,56.435,1,0.0046
small,w7,RRT,55,True,56.946,1,0.0026
small,w7,RRT,56,True,50.946,1,0.0006
small,w7,RRT,57,True,58.661,1,0.0031
small,w7,RRT,58,True,55.885,1,0.0009
small,w7,RRT,59,True,53.057,1,0.0026
small,w7,RRT,60,True,54.791,1,0.0033
small,w7,RRT,61,True,64.369,1,0.0034
small,w7,RRT,62,True,60.182,1,0.0034
small,w7,RRT,63,True,59.45,0,0.0043
small,w7,RRT,64,True,56.246,1,0.0044
small,w7,RRT,65,True,61.45,0,0.0048
small,w7,RRT,66,True,55.28,1,0.0027
small,w7,RRT,67,True,53.702,1,0.0029
small,w7,RRT,68,True,55.125,1,0.0066
small,w7,RRT,69,True,59.116,1,0.0049
small,w7,RRT,70,True,59.99,1,0.0058
small,w7,RRT,71,True,58.409,1,0.0033
small,w7,RRT,72,True,64.948,1,0.0029
small,w7,RRT,73,True,56.667,1,0.0021
small,w7,RRT,74,True,53.813,1,0.0037
small,w7,RRT,75,True,53.236,1,0.0029
small,w7,RRT,76,True,58.026,1,0.0031
small,w7,RRT,77,True,55.31,1,0.0051
small,w7,RRT,78,True,51.96,1,0.0026
small,w7,RRT,79,True,54.632,1,0.0034
small,w7,RRT,80,True,63.155,1,0.0058
small,w7,RRT,81,True,66.766,1,0.0034
small,w7,RRT,82,True,63.839,1,0.0039
small,w7,RRT,83,True,57.708,1,0.0023
small,w7,RRT,84,True,60.174,1,0.0029
small,w7,RRT,85,True,55.579,1,0.0034
small,w7,RRT,86,True,60.785,1,0.0031
small,w7,RRT,87,True,59.691,0,0.0025
small,w7,RRT,88,True,59.131,1,0.0012
small,w7,RRT,89,True,59.217,1,0.001
small,w7,RRT,90,True,55.736,1,0.0034
small,w7,RRT,91,True,58.094,1,0.0049
small,w7,RRT,92,True,53.174,0,0.002
small,w7,RRT,93,True,57.227,1,0.0025
small,w7,RRT,94,True,59.107,1,0.003
small,w7,RRT,95,True,59.309,1,0.0013
small,w7,RRT,96,True,60.119,1,0.0032
small,w7,RRT,97,True,61.44,0,0.0035
small,w7,RRT,98,True,65.496,1,0.0034
small,w7,RRT,99,True,53.813,1,0.0027
small,w7,RRT*,0,True,49.293,1,0.0258
small,w7,RRT*,1,True,49.829,1,0.0254
small,w7,RRT*,2,True,48.412,0,0.0277
small,w7,RRT*,3,True,48.388,0,0.0272
small,w7,RRT*,4,True,48.194,1,0.028
small,w7,RRT*,5,True,50.959,0,0.0259
small,w7,RRT*,6,True,48.107,1,0.0279
small,w7,RRT*,7,True,49.441,1,0.0286
small,w7,RRT*,8,True,48.629,1,0.0249
small,w7,RRT*,9,True,48.368,1,0.0256
small,w7,RRT*,10,True,48.205,1,0.0283
small,w7,RRT*,11,True,49.016,1,0.0287
small,w7,RRT*,12,True,49.363,1,0.0255
small,w7,RRT*,13,True,48.17,1,0.0281
small,w7,RRT*,14,True,49.191,0,0.0275
small,w7,RRT*,15,True,48.753,0,0.0306
small,w7,RRT*,16,True,49.108,1,0.027
small,w7,RRT*,17,True,48.908,1,0.0273
small,w7,RRT*,18,True,49.018,1,0.0298
small,w7,RRT*,19,True,48.26,1,0.028
small,w7,RRT*,20,True,48.794,1,0.0248
small,w7,RRT*,21,True,48.639,1,0.0271
small,w7,RRT*,22,True,48.077,1,0.0283
small,w7,RRT*,23,True,48.053,1,0.0253
small,w7,RRT*,24,True,48.705,0,0.0275
small,w7,RRT*,25,True,50.275,0,0.0273
small,w7,RRT*,26,True,48.55,0,0.0285
small,w7,RRT*,27,True,48.477,0,0.0289
small,w7,RRT*,28,True,48.142,1,0.0257
small,w7,RRT*,29,True,48.451,0,0.0244
small,w7,RRT*,30,True,49.033,0,0.0262
small,w7,RRT*,31,True,48.766,0,0.0273
small,w7,RRT*,32,True,48.683,1,0.0265
small,w7,RRT*,33,True,48.209,0,0.0233
small,w7,RRT*,34,True,48.683,2,0.0286
small,w7,RRT*,35,True,48.212,1,0.0278
small,w7,RRT*,36,True,48.747,1,0.0281
small,w7,RRT*,37,True,49.197,0,0.0288
small,w7,RRT*,38,True,48.674,1,0.0236
small,w7,RRT*,39,True,48.425,1,0.0255
small,w7,RRT*,40,True,48.611,0,0.0282
small,w7,RRT*,41,True,48.978,1,0.0245
small,w7,RRT*,42,True,48.107,1,0.0308
small,w7,RRT*,43,True,49.444,1,0.0261
small,w7,RRT*,44,True,48.388,1,0.0223
small,w7,RRT*,45,True,48.558,0,0.0262
small,w7,RRT*,46,True,48.548,0,0.0297
small,w7,RRT*,47,True,48.388,0,0.0279
small,w7,RRT*,48,True,48.57,1,0.0253
small,w7,RRT*,49,True,48.817,1,0.0264
small,w7,RRT*,50,True,48.707,1,0.0262
small,w7,RRT*,51,True,49.756,1,0.0251
small,w7,RRT*,52,True,49.02,1,0.0257
small,w7,RRT*,53,True,49.846,1,0.0281
small,w7,RRT*,54,True,48.946,1,0.0234
small,w7,RRT*,55,True,48.849,1,0.0266
small,w7,RRT*,56,True,48.342,1,0.0256
small,w7,RRT*,57,True,49.235,0,0.0276
small,w7,RRT*,58,True,48.136,0,0.0254
small,w7,RRT*,59,True,49.908,1,0.029
small,w7,RRT*,60,True,49.356,1,0.0262
small,w7,RRT*,61,True,49.027,0,0.0262
small,w7,RRT*,62,True,48.392,1,0.0273
small,w7,RRT*,63,True,49.025,0,0.0289
small,w7,RRT*,64,True,49.991,1,0.0245
small,w7,RRT*,65,True,49.287,1,0.0219
small,w7,RRT*,66,True,50.049,1,0.0258
small,w7,RRT*,67,True,48.873,0,0.0259
small,w7,RRT*,68,True,49.587,1,0.0254
small,w7,RRT*,69,True,48.223,1,0.0251
small,w7,RRT*,70,True,48.539,0,0.0272
small,w7,RRT*,71,True,49.832,1,0.0271
small,w7,RRT*,72,True,50.075,1,0.029
small,w7,RRT*,73,True,48.433,1,0.0273
small,w7,RRT*,74,True,49.063,1,0.0298
small,w7,RRT*,75,True,49.591,1,0.025
small,w7,RRT*,76,True,48.946,2,0.0274
small,w7,RRT*,77,True,48.607,1,0.0244
small,w7,RRT*,78,True,48.683,0,0.0268
small,w7,RRT*,79,True,48.837,1,0.0283
small,w7,RRT*,80,True,49.046,1,0.0236
small,w7,RRT*,81,True,49.444,1,0.0246
small,w7,RRT*,82,True,49.152,1,0.0242
small,w7,RRT*,83,True,48.475,1,0.0302
small,w7,RRT*,84,True,48.751,1,0.0281
small,w7,RRT*,85,True,49.774,0,0.0264
small,w7,RRT*,86,True,48.674,1,0.0268
small,w7,RRT*,87,True,49.358,1,0.0267
small,w7,RRT*,88,True,49.536,0,0.0279
small,w7,RRT*,89,True,48.288,1,0.0256
small,w7,RRT*,90,True,49.177,1,0.0265
small,w7,RRT*,91,True,49.543,1,0.0307
small,w7,RRT*,92,True,49.228,0,0.0283
small,w7,RRT*,93,True,48.386,1,0.0285
small,w7,RRT*,94,True,51.608,1,0.0277
small,w7,RRT*,95,True,49.173,0,0.0297
small,w7,RRT*,96,True,48.964,1,0.0291
small,w7,RRT*,97,True,48.459,0,0.0287
small,w7,RRT*,98,True,48.678,1,0.0283
small,w7,RRT*,99,True,48.725,1,0.025
small,w6,RRT,0,True,55.561,0,0.0024
small,w6,RRT,1,True,64.341,1,0.0035
small,w6,RRT,2,True,54.612,1,0.0028
small,w6,RRT,3,True,61.208,1,0.0024
small,w6,RRT,4,True,61.802,1,0.0055
small,w6,RRT,5,True,58.274,1,0.0067
small,w6,RRT,6,True,59.27,1,0.0021
small,w6,RRT,7,True,58.055,0,0.0033
small,w6,RRT,8,True,59.227,1,0.0022
small,w6,RRT,9,True,58.976,1,0.0037
small,w6,RRT,10,True,54.67,0,0.0024
small,w6,RRT,11,True,62.927,1,0.0044
small,w6,RRT,12,True,60.864,1,0.0043
small,w6,RRT,13,True,55.615,1,0.0054
small,w6,RRT,14,True,62.027,1,0.0025
small,w6,RRT,15,True,57.973,1,0.0031
small,w6,RRT,16,True,59.068,1,0.0018
small,w6,RRT,17,True,53.851,1,0.0045
small,w6,RRT,18,True,60.009,1,0.0038
small,w6,RRT,19,True,57.402,1,0.0035
small,w6,RRT,20,True,56.782,1,0.0016
small,w6,RRT,21,True,57.848,1,0.0031
small,w6,RRT,22,True,60.506,1,0.0045
small,w6,RRT,23,True,57.761,1,0.0042
small,w6,RRT,24,True,54.434,1,0.0027
small,w6,RRT,25,True,63.625,1,0.0029
small,w6,RRT,26,True,56.064,1,0.0036
small,w6,RRT,27,True,54.278,0,0.0034
small,w6,RRT,28,True,55.262,1,0.0027
small,w6,RRT,29,True,64.928,1,0.0073
small,w6,RRT,30,True,54.648,0,0.0025
small,w6,RRT,31,True,52.249,0,0.0018
small,w6,RRT,32,True,56.686,1,0.0047
small,w6,RRT,33,True,56.454,1,0.0067
small,w6,RRT,34,True,57.15,0,0.0013
small,w6,RRT,35,True,61.761,1,0.0045
small,w6,RRT,36,True,55.131,1,0.0036
small,w6,RRT,37,True,53.532,1,0.004
small,w6,RRT,38,True,57.457,1,0.0021
small,w6,RRT,39,True,56.095,1,0.003
small,w6,RRT,40,True,60.0,1,0.0038
small,w6,RRT,41,True,60.433,1,0.0029
small,w6,RRT,42,True,53.835,1,0.0034
small,w6,RRT,43,True,53.198,1,0.0012
small,w6,RRT,44,True,52.568,1,0.0035
small,w6,RRT,45,True,67.335,1,0.0021
small,w6,RRT,46,True,59.741,1,0.0025
small,w6,RRT,47,True,51.687,1,0.0011
small,w6,RRT,48,True,53.328,1,0.0025
small,w6,RRT,49,True,57.44,1,0.0043
small,w6,RRT,50,True,59.765,1,0.0033
small,w6,RRT,51,True,65.532,1,0.0026
small,w6,RRT,52,True,61.938,1,0.0024
small,w6,RRT,53,True,61.299,1,0.0029
small,w6,RRT,54,True,60.352,1,0.0047
small,w6,RRT,55,True,56.946,1,0.0025
small,w6,RRT,56,True,50.946,1,0.0006
small,w6,RRT,57,True,58.661,1,0.0029
small,w6,RRT,58,True,55.885,1,0.0009
small,w6,RRT,59,True,56.37,1,0.0026
small,w6,RRT,60,True,54.539,1,0.0034
small,w6,RRT,61,True,64.369,1,0.0035
small,w6,RRT,62,True,65.418,1,0.0036
small,w6,RRT,63,True,59.45,0,0.0044
small,w6,RRT,64,True,53.784,1,0.0051
small,w6,RRT,65,True,59.904,1,0.0049
small,w6,RRT,66,True,55.28,1,0.0028
small,w6,RRT,67,True,53.198,1,0.0027
small,w6,RRT,68,True,55.125,1,0.0071
small,w6,RRT,69,True,63.775,1,0.0059
small,w6,RRT,70,True,61.657,1,0.0059
small,w6,RRT,71,True,57.897,0,0.0033
small,w6,RRT,72,True,64.131,1,0.0042
small,w6,RRT,73,True,58.173,0,0.0121
small,w6,RRT,74,True,53.813,1,0.0037
small,w6,RRT,75,True,53.236,1,0.0028
small,w6,RRT,76,True,56.035,0,0.0039
small,w6,RRT,77,True,55.31,1,0.006
small,w6,RRT,78,True,51.96,1,0.0028
small,w6,RRT,79,True,54.632,0,0.0033
small,w6,RRT,80,True,58.193,1,0.0064
small,w6,RRT,81,True,66.766,1,0.0039
small,w6,RRT,82,True,63.839,1,0.0041
small,w6,RRT,83,True,56.621,1,0.0041
small,w6,RRT,84,True,66.192,0,0.0069
small,w6,RRT,85,True,56.175,1,0.0007
small,w6,RRT,86,True,65.381,0,0.0033
small,w6,RRT,87,True,69.572,1,0.0105
small,w6,RRT,88,True,56.451,1,0.0035
small,w6,RRT,89,True,61.699,0,0.0031
small,w6,RRT,90,True,55.736,1,0.0033
small,w6,RRT,91,True,58.094,0,0.0049
small,w6,RRT,92,True,53.174,0,0.002
small,w6,RRT,93,True,58.593,1,0.0058
small,w6,RRT,94,True,59.116,1,0.004
small,w6,RRT,95,True,62.869,1,0.0029
small,w6,RRT,96,True,60.119,1,0.0032
small,w6,RRT,97,True,65.171,1,0.0044
small,w6,RRT,98,True,65.496,1,0.0036
small,w6,RRT,99,True,53.813,1,0.0024
small,w6,RRT*,0,True,50.06,1,0.0253
small,w6,RRT*,1,True,49.803,1,0.022
small,w6,RRT*,2,True,48.412,0,0.03
small,w6,RRT*,3,True,49.806,0,0.0293
small,w6,RRT*,4,True,49.061,1,0.0283
small,w6,RRT*,5,True,53.315,0,0.0255
small,w6,RRT*,6,True,48.474,1,0.0287
small,w6,RRT*,7,True,49.465,1,0.0259
small,w6,RRT*,8,True,48.859,1,0.0248
small,w6,RRT*,9,True,48.731,1,0.026
small,w6,RRT*,10,True,49.348,0,0.0289
small,w6,RRT*,11,True,49.445,0,0.0258
small,w6,RRT*,12,True,49.78,1,0.0254
small,w6,RRT*,13,True,49.091,0,0.0276
small,w6,RRT*,14,True,49.902,1,0.0285
small,w6,RRT*,15,True,48.681,1,0.0302
small,w6,RRT*,16,True,52.92,1,0.0305
small,w6,RRT*,17,True,50.229,1,0.04
small,w6,RRT*,18,True,49.203,0,0.0299
small,w6,RRT*,19,True,48.562,1,0.0503
small,w6,RRT*,20,True,48.599,1,0.0257
small,w6,RRT*,21,True,49.686,2,0.0361
small,w6,RRT*,22,True,48.807,0,0.0285
small,w6,RRT*,23,True,50.694,1,0.0225
small,w6,RRT*,24,True,48.705,0,0.027
small,w6,RRT*,25,True,50.48,0,0.0281
small,w6,RRT*,26,True,50.205,1,0.0273
small,w6,RRT*,27,True,48.92,0,0.0286
small,w6,RRT*,28,True,48.881,0,0.0248
small,w6,RRT*,29,True,51.093,1,0.0268
small,w6,RRT*,30,True,48.525,0,0.0271
small,w6,RRT*,31,True,48.607,0,0.0268
small,w6,RRT*,32,True,49.465,1,0.0264
small,w6,RRT*,33,True,48.742,1,0.0245
small,w6,RRT*,34,True,48.933,1,0.0315
small,w6,RRT*,35,True,49.041,1,0.0264
small,w6,RRT*,36,True,49.205,1,0.0269
small,w6,RRT*,37,True,49.661,1,0.0287
small,w6,RRT*,38,True,49.893,1,0.0235
small,w6,RRT*,39,True,49.685,1,0.0248
small,w6,RRT*,40,True,48.611,0,0.0275
small,w6,RRT*,41,True,49.239,1,0.0242
small,w6,RRT*,42,True,49.82,1,0.0264
small,w6,RRT*,43,True,49.395,1,0.0263
small,w6,RRT*,44,True,48.555,1,0.0255
small,w6,RRT*,45,True,49.143,1,0.0248
small,w6,RRT*,46,True,48.933,1,0.0286
small,w6,RRT*,47,True,49.317,1,0.0261
small,w6,RRT*,48,True,49.248,1,0.0263
small,w6,RRT*,49,True,48.836,0,0.0249
small,w6,RRT*,50,True,48.95,1,0.0259
small,w6,RRT*,51,True,49.756,1,0.0246
small,w6,RRT*,52,True,49.02,1,0.0267
small,w6,RRT*,53,True,48.859,1,0.028
small,w6,RRT*,54,True,49.582,1,0.0224
small,w6,RRT*,55,True,48.849,0,0.0266
small,w6,RRT*,56,True,48.763,1,0.0254
small,w6,RRT*,57,True,49.303,0,0.0274
small,w6,RRT*,58,True,48.552,1,0.0251
small,w6,RRT*,59,True,50.292,1,0.0286
small,w6,RRT*,60,True,50.009,1,0.0263
small,w6,RRT*,61,True,49.542,0,0.0263
small,w6,RRT*,62,True,49.152,1,0.0271
small,w6,RRT*,63,True,49.025,0,0.0341
small,w6,RRT*,64,True,50.252,1,0.0251
small,w6,RRT*,65,True,50.19,1,0.0217
small,w6,RRT*,66,True,50.049,1,0.0268
small,w6,RRT*,67,True,49.062,0,0.0314
small,w6,RRT*,68,True,49.791,2,0.0319
small,w6,RRT*,69,True,48.663,1,0.0267
small,w6,RRT*,70,True,48.872,0,0.0434
small,w6,RRT*,71,True,50.084,0,0.0434
small,w6,RRT*,72,True,51.508,1,0.0438
small,w6,RRT*,73,True,48.881,1,0.0343
small,w6,RRT*,74,True,49.4,1,0.0336
small,w6,RRT*,75,True,49.591,1,0.0395
small,w6,RRT*,76,True,48.727,0,0.0373
small,w6,RRT*,77,True,48.85,1,0.0238
small,w6,RRT*,78,True,48.755,0,0.0256
small,w6,RRT*,79,True,49.091,1,0.0282
small,w6,RRT*,80,True,48.796,1,0.0257
small,w6,RRT*,81,True,49.766,0,0.0269
small,w6,RRT*,82,True,50.314,2,0.0324
small,w6,RRT*,83,True,48.82,0,0.0392
small,w6,RRT*,84,True,49.664,1,0.0215
small,w6,RRT*,85,True,49.75,0,0.0234
small,w6,RRT*,86,True,48.775,0,0.0251
small,w6,RRT*,87,True,50.63,1,0.0235
small,w6,RRT*,88,True,49.73,1,0.0254
small,w6,RRT*,89,True,49.635,1,0.0229
small,w6,RRT*,90,True,48.605,1,0.0253
small,w6,RRT*,91,True,49.543,0,0.027
small,w6,RRT*,92,True,48.86,1,0.0288
small,w6,RRT*,93,True,48.85,1,0.0263
small,w6,RRT*,94,True,48.994,1,0.0267
small,w6,RRT*,95,True,49.899,1,0.0281
small,w6,RRT*,96,True,48.964,1,0.0289
small,w6,RRT*,97,True,51.335,0,0.0268
small,w6,RRT*,98,True,49.013,0,0.0274
small,w6,RRT*,99,True,48.8,1,0.0243
small,w5,RRT,0,True,55.561,0,0.0021
small,w5,RRT,1,True,64.341,1,0.0036
small,w5,RRT,2,True,54.797,1,0.0026
small,w5,RRT,3,True,64.415,1,0.0053
small,w5,RRT,4,True,61.802,1,0.0057
small,w5,RRT,5,True,58.274,1,0.004
small,w5,RRT,6,True,58.936,1,0.002
small,w5,RRT,7,True,58.055,0,0.0033
small,w5,RRT,8,True,59.227,1,0.0024
small,w5,RRT,9,True,58.976,1,0.0045
small,w5,RRT,10,True,55.832,0,0.0024
small,w5,RRT,11,True,60.936,1,0.004
small,w5,RRT,12,True,60.864,1,0.0049
small,w5,RRT,13,True,55.615,1,0.0048
small,w5,RRT,14,True,57.926,1,0.0022
small,w5,RRT,15,True,57.973,1,0.0036
small,w5,RRT,16,True,59.068,1,0.0018
small,w5,RRT,17,True,53.851,1,0.0042
small,w5,RRT,18,True,60.009,1,0.0037
small,w5,RRT,19,True,64.083,1,0.0034
small,w5,RRT,20,True,56.782,0,0.0017
small,w5,RRT,21,True,63.482,1,0.0032
small,w5,RRT,22,True,60.506,1,0.0041
small,w5,RRT,23,True,57.761,1,0.0039
small,w5,RRT,24,True,54.434,1,0.0027
small,w5,RRT,25,True,63.625,1,0.0027
small,w5,RRT,26,True,61.959,1,0.0031
small,w5,RRT,27,True,55.774,1,0.0027
small,w5,RRT,28,True,55.262,1,0.0025
small,w5,RRT,29,True,64.928,1,0.0069
small,w5,RRT,30,True,58.699,1,0.0042
small,w5,RRT,31,True,59.18,1,0.0028
small,w5,RRT,32,True,56.686,1,0.0045
small,w5,RRT,33,True,56.454,1,0.0058
small,w5,RRT,34,True,57.15,0,0.0015
small,w5,RRT,35,True,50.695,1,0.0014
small,w5,RRT,36,True,55.131,1,0.0036
small,w5,RRT,37,True,53.532,1,0.0038
small,w5,RRT,38,True,58.014,1,0.0037
small,w5,RRT,39,True,56.117,0,0.0046
small,w5,RRT,40,True,60.0,1,0.0037
small,w5,RRT,41,True,60.433,1,0.003
small,w5,RRT,42,True,53.835,1,0.0032
small,w5,RRT,43,True,53.198,0,0.0012
small,w5,RRT,44,True,52.568,1,0.0033
small,w5,RRT,45,True,64.497,1,0.0021
small,w5,RRT,46,False,0.0,0.0,0.0115
small,w5,RRT,47,True,51.687,1,0.0009
small,w5,RRT,48,True,53.328,1,0.0024
small,w5,RRT,49,True,59.345,0,0.0038
small,w5,RRT,50,True,59.765,1,0.003
small,w5,RRT,51,True,65.532,1,0.0024
small,w5,RRT,52,True,61.938,1,0.0023
small,w5,RRT,53,True,61.299,1,0.0029
small,w5,RRT,54,True,57.514,1,0.0043
small,w5,RRT,55,True,64.673,1,0.004
small,w5,RRT,56,True,58.663,1,0.0012
small,w5,RRT,57,True,58.661,1,0.0029
small,w5,RRT,58,True,52.621,1,0.001
small,w5,RRT,59,True,58.638,1,0.0054
small,w5,RRT,60,True,54.539,1,0.0032
small,w5,RRT,61,True,67.692,1,0.0081
small,w5,RRT,62,True,65.418,1,0.0033
small,w5,RRT,63,True,56.287,1,0.0043
small,w5,RRT,64,True,53.784,1,0.0055
small,w5,RRT,65,True,59.904,1,0.0055
small,w5,RRT,66,True,55.28,1,0.0026
small,w5,RRT,67,True,53.198,1,0.0028
small,w5,RRT,68,True,66.686,1,0.011
small,w5,RRT,69,True,63.775,1,0.006
small,w5,RRT,70,True,61.657,1,0.0058
small,w5,RRT,71,True,57.897,0,0.0032
small,w5,RRT,72,True,64.131,1,0.0028
small,w5,RRT,73,True,58.173,0,0.0081
small,w5,RRT,74,True,59.198,0,0.0054
small,w5,RRT,75,True,57.562,1,0.0079
small,w5,RRT,76,True,56.035,0,0.003
small,w5,RRT,77,True,55.31,1,0.0054
small,w5,RRT,78,True,52.119,1,0.0008
small,w5,RRT,79,True,54.632,0,0.0033
small,w5,RRT,80,True,60.735,1,0.0062
small,w5,RRT,81,True,66.766,1,0.0029
small,w5,RRT,82,True,63.839,1,0.004
small,w5,RRT,83,True,56.621,1,0.0042
small,w5,RRT,84,True,59.121,0,0.0063
small,w5,RRT,85,True,65.281,1,0.0041
small,w5,RRT,86,True,64.41,0,0.0048
small,w5,RRT,87,True,69.572,1,0.0104
small,w5,RRT,88,True,56.451,0,0.0031
small,w5,RRT,89,True,61.699,0,0.0031
small,w5,RRT,90,True,55.736,1,0.0032
small,w5,RRT,91,True,56.67,0,0.0045
small,w5,RRT,92,True,63.906,1,0.0042
small,w5,RRT,93,True,54.936,1,0.0055
small,w5,RRT,94,True,59.116,1,0.0041
small,w5,RRT,95,True,56.879,1,0.0026
small,w5,RRT,96,True,60.119,1,0.0033
small,w5,RRT,97,True,65.171,0,0.0041
small,w5,RRT,98,True,61.45,1,0.0067
small,w5,RRT,99,True,53.813,1,0.0023
small,w5,RRT*,0,True,50.06,1,0.0249
small,w5,RRT*,1,True,50.36,1,0.0228
small,w5,RRT*,2,True,49.12,1,0.028
small,w5,RRT*,3,True,49.806,0,0.0235
small,w5,RRT*,4,True,49.313,0,0.0267
small,w5,RRT*,5,True,53.678,1,0.0266
small,w5,RRT*,6,True,48.946,1,0.0284
small,w5,RRT*,7,True,50.21,1,0.0276
small,w5,RRT*,8,True,49.739,1,0.0248
small,w5,RRT*,9,True,50.009,1,0.0258
small,w5,RRT*,10,True,49.847,1,0.0277
small,w5,RRT*,11,True,50.31,0,0.0262
small,w5,RRT*,12,True,49.78,1,0.0263
small,w5,RRT*,13,True,49.906,0,0.0302
small,w5,RRT*,14,True,49.104,1,0.0308
small,w5,RRT*,15,True,49.268,1,0.03
small,w5,RRT*,16,True,54.443,1,0.0271
small,w5,RRT*,17,True,50.81,1,0.0246
small,w5,RRT*,18,True,49.203,0,0.0255
small,w5,RRT*,19,True,49.174,1,0.0282
small,w5,RRT*,20,True,49.159,1,0.0261
small,w5,RRT*,21,True,49.697,0,0.0263
small,w5,RRT*,22,True,49.567,1,0.0395
small,w5,RRT*,23,True,51.111,1,0.0342
small,w5,RRT*,24,True,49.52,1,0.0377
small,w5,RRT*,25,True,51.413,1,0.0265
small,w5,RRT*,26,True,50.154,1,0.0244
small,w5,RRT*,27,True,49.001,0,0.0267
small,w5,RRT*,28,True,50.094,1,0.0245
small,w5,RRT*,29,True,51.302,1,0.0241
small,w5,RRT*,30,True,49.248,1,0.0247
small,w5,RRT*,31,True,50.007,0,0.027
small,w5,RRT*,32,True,49.128,1,0.0259
small,w5,RRT*,33,True,49.15,1,0.0239
small,w5,RRT*,34,True,49.107,0,0.0268
small,w5,RRT*,35,True,49.08,1,0.0269
small,w5,RRT*,36,True,49.617,1,0.027
small,w5,RRT*,37,True,49.513,1,0.0279
small,w5,RRT*,38,True,50.139,1,0.023
small,w5,RRT*,39,True,51.044,0,0.0214
small,w5,RRT*,40,True,49.665,0,0.0275
small,w5,RRT*,41,True,49.239,1,0.0241
small,w5,RRT*,42,True,49.705,0,0.0272
small,w5,RRT*,43,True,49.431,0,0.0249
small,w5,RRT*,44,True,49.146,0,0.0257
small,w5,RRT*,45,True,49.682,1,0.0248
small,w5,RRT*,46,False,0.0,0.0,0.0185
small,w5,RRT*,47,True,49.174,1,0.0258
small,w5,RRT*,48,True,49.416,1,0.0258
small,w5,RRT*,49,True,50.425,1,0.0215
small,w5,RRT*,50,True,49.78,1,0.0258
small,w5,RRT*,51,True,49.945,0,0.0253
small,w5,RRT*,52,True,49.208,1,0.0261
small,w5,RRT*,53,True,49.719,1,0.0278
small,w5,RRT*,54,True,50.053,0,0.0214
small,w5,RRT*,55,True,49.357,0,0.0235
small,w5,RRT*,56,True,51.067,1,0.0253
small,w5,RRT*,57,True,50.661,1,0.0267
small,w5,RRT*,58,True,49.265,0,0.0235
small,w5,RRT*,59,True,50.316,1,0.0248
small,w5,RRT*,60,True,50.009,1,0.027
small,w5,RRT*,61,True,49.693,1,0.0233
small,w5,RRT*,62,True,49.537,1,0.0263
small,w5,RRT*,63,True,49.737,1,0.0253
small,w5,RRT*,64,True,50.596,0,0.0242
small,w5,RRT*,65,True,51.596,1,0.0214
small,w5,RRT*,66,True,49.939,1,0.0236
small,w5,RRT*,67,True,49.11,0,0.0243
small,w5,RRT*,68,True,50.351,1,0.0223
small,w5,RRT*,69,True,50.16,0,0.0246
small,w5,RRT*,70,True,49.437,0,0.0267
small,w5,RRT*,71,True,50.084,0,0.0277
small,w5,RRT*,72,True,53.58,1,0.0271
small,w5,RRT*,73,True,49.911,0,0.0243
small,w5,RRT*,74,True,49.471,1,0.0254
small,w5,RRT*,75,True,51.498,1,0.0196
small,w5,RRT*,76,True,49.046,0,0.0272
small,w5,RRT*,77,True,48.85,0,0.0238
small,w5,RRT*,78,True,49.386,0,0.0265
small,w5,RRT*,79,True,50.533,1,0.0277
small,w5,RRT*,80,True,51.582,1,0.0246
small,w5,RRT*,81,True,49.552,0,0.0241
small,w5,RRT*,82,True,50.566,2,0.0235
small,w5,RRT*,83,True,49.513,1,0.0268
small,w5,RRT*,84,True,50.156,1,0.0323
small,w5,RRT*,85,True,49.562,1,0.0307
small,w5,RRT*,86,True,49.611,0,0.0217
small,w5,RRT*,87,True,50.675,1,0.0221
small,w5,RRT*,88,True,50.325,1,0.0246
small,w5,RRT*,89,True,50.168,1,0.0226
small,w5,RRT*,90,True,49.013,1,0.0281
small,w5,RRT*,91,True,49.846,0,0.0245
small,w5,RRT*,92,True,50.361,0,0.0253
small,w5,RRT*,93,True,49.478,1,0.0227
small,w5,RRT*,94,True,48.994,0,0.0256
small,w5,RRT*,95,True,49.371,1,0.0278
small,w5,RRT*,96,True,50.251,1,0.028
small,w5,RRT*,97,True,52.409,0,0.0259
small,w5,RRT*,98,True,49.638,0,0.0259
small,w5,RRT*,99,True,49.152,0,0.0257
small,w4,RRT,0,True,59.28,1,0.0022
small,w4,RRT,1,True,64.341,1,0.0037
small,w4,RRT,2,True,54.797,1,0.0025
small,w4,RRT,3,True,61.912,0,0.0049
small,w4,RRT,4,True,60.964,1,0.0057
small,w4,RRT,5,True,58.274,1,0.004
small,w4,RRT,6,True,53.711,1,0.0028
small,w4,RRT,7,True,60.066,1,0.0075
small,w4,RRT,8,True,58.41,0,0.0037
small,w4,RRT,9,True,61.786,0,0.0104
small,w4,RRT,10,True,55.236,1,0.0048
small,w4,RRT,11,True,60.936,1,0.0042
small,w4,RRT,12,True,54.695,0,0.0088
small,w4,RRT,13,True,56.379,1,0.0071
small,w4,RRT,14,True,62.332,1,0.0029
small,w4,RRT,15,True,58.316,1,0.0031
small,w4,RRT,16,True,59.068,1,0.0018
small,w4,RRT,17,True,58.042,1,0.0061
small,w4,RRT,18,True,59.839,1,0.0037
small,w4,RRT,19,True,64.083,1,0.0034
small,w4,RRT,20,True,55.025,0,0.0017
small,w4,RRT,21,True,63.418,1,0.0031
small,w4,RRT,22,True,60.182,1,0.0072
small,w4,RRT,23,True,57.761,1,0.0037
small,w4,RRT,24,True,54.434,1,0.0027
small,w4,RRT,25,True,59.979,1,0.005
small,w4,RRT,26,True,55.784,1,0.003
small,w4,RRT,27,True,57.794,0,0.0026
small,w4,RRT,28,True,58.898,0,0.0024
small,w4,RRT,29,True,60.742,1,0.0059
small,w4,RRT,30,True,64.51,1,0.0043
small,w4,RRT,31,True,57.922,1,0.0027
small,w4,RRT,32,True,55.784,1,0.0053
small,w4,RRT,33,True,56.966,1,0.0053
small,w4,RRT,34,True,64.308,0,0.0027
small,w4,RRT,35,True,58.265,1,0.0041
small,w4,RRT,36,True,61.384,0,0.0039
small,w4,RRT,37,False,0.0,0.0,0.0116
small,w4,RRT,38,True,60.339,0,0.0044
small,w4,RRT,39,True,56.117,0,0.0045
small,w4,RRT,40,True,60.0,1,0.0036
small,w4,RRT,41,True,60.433,1,0.003
small,w4,RRT,42,False,0.0,0.0,0.0104
small,w4,RRT,43,True,56.129,0,0.0053
small,w4,RRT,44,True,53.236,1,0.0033
small,w4,RRT,45,True,66.473,0,0.0062
small,w4,RRT,46,True,59.75,1,0.0024
small,w4,RRT,47,True,58.433,1,0.0072
small,w4,RRT,48,True,53.328,1,0.0024
small,w4,RRT,49,True,57.353,1,0.0042
small,w4,RRT,50,True,61.093,1,0.0036
small,w4,RRT,51,True,67.238,1,0.0028
small,w4,RRT,52,True,59.794,0,0.0049
small,w4,RRT,53,True,61.299,1,0.0031
small,w4,RRT,54,True,64.855,1,0.004
small,w4,RRT,55,True,62.691,0,0.0024
small,w4,RRT,56,True,59.353,1,0.0012
small,w4,RRT,57,True,58.787,1,0.0031
small,w4,RRT,58,True,52.621,1,0.0009
small,w4,RRT,59,True,61.801,1,0.0056
small,w4,RRT,60,True,56.53,0,0.0034
small,w4,RRT,61,False,0.0,0.0,0.0103
small,w4,RRT,62,True,67.464,0,0.0072
small,w4,RRT,63,True,56.287,1,0.0041
small,w4,RRT,64,True,53.784,1,0.0052
small,w4,RRT,65,True,59.904,1,0.005
small,w4,RRT,66,True,55.28,1,0.0026
small,w4,RRT,67,True,56.938,0,0.0042
small,w4,RRT,68,True,65.418,1,0.0103
small,w4,RRT,69,True,59.336,0,0.0051
small,w4,RRT,70,True,65.507,1,0.0056
small,w4,RRT,71,True,59.417,1,0.0038
small,w4,RRT,72,True,62.527,1,0.0056
small,w4,RRT,73,True,61.816,1,0.0075
small,w4,RRT,74,True,58.75,0,0.0069
small,w4,RRT,75,True,55.256,1,0.0076
small,w4,RRT,76,True,53.038,1,0.006
small,w4,RRT,77,True,60.778,1,0.0048
small,w4,RRT,78,True,52.119,1,0.0009
small,w4,RRT,79,True,59.542,1,0.0047
small,w4,RRT,80,True,60.735,1,0.0059
small,w4,RRT,81,True,67.1,1,0.0028
small,w4,RRT,82,True,60.498,1,0.004
small,w4,RRT,83,True,55.459,1,0.0022
small,w4,RRT,84,True,55.131,1,0.0062
small,w4,RRT,85,True,58.682,1,0.0035
small,w4,RRT,86,True,59.248,1,0.0046
small,w4,RRT,87,True,60.633,0,0.0092
small,w4,RRT,88,False,0.0,0.0,0.0093
small,w4,RRT,89,True,62.574,1,0.003
small,w4,RRT,90,True,55.736,1,0.0033
small,w4,RRT,91,True,53.935,0,0.007
small,w4,RRT,92,True,66.157,1,0.0092
small,w4,RRT,93,True,66.603,1,0.0055
small,w4,RRT,94,True,66.884,1,0.0073
small,w4,RRT,95,True,57.529,1,0.0026
small,w4,RRT,96,True,61.522,1,0.0039
small,w4,RRT,97,True,65.171,0,0.0043
small,w4,RRT,98,True,61.45,1,0.006
small,w4,RRT,99,True,53.813,1,0.0023
small,w4,RRT*,0,True,50.607,1,0.0244
small,w4,RRT*,1,True,50.713,0,0.0217
small,w4,RRT*,2,True,50.144,1,0.0275
small,w4,RRT*,3,True,49.641,0,0.0216
small,w4,RRT*,4,True,50.205,1,0.0257
small,w4,RRT*,5,True,52.72,1,0.0246
small,w4,RRT*,6,True,49.597,1,0.0269
small,w4,RRT*,7,True,50.974,1,0.0239
small,w4,RRT*,8,True,50.291,1,0.02
small,w4,RRT*,9,True,49.463,0,0.0222
small,w4,RRT*,10,True,51.623,0,0.0231
small,w4,RRT*,11,True,51.438,1,0.0279
small,w4,RRT*,12,True,50.61,1,0.0189
small,w4,RRT*,13,True,51.578,1,0.0219
small,w4,RRT*,14,True,50.568,1,0.0276
small,w4,RRT*,15,True,50.868,1,0.029
small,w4,RRT*,16,True,54.443,1,0.0259
small,w4,RRT*,17,True,52.03,1,0.0208
small,w4,RRT*,18,True,50.527,1,0.0235
small,w4,RRT*,19,True,49.795,1,0.0275
small,w4,RRT*,20,True,49.267,0,0.0243
small,w4,RRT*,21,True,50.707,1,0.0258
small,w4,RRT*,22,True,50.178,1,0.0265
small,w4,RRT*,23,True,51.967,1,0.0226
small,w4,RRT*,24,True,50.147,1,0.0273
small,w4,RRT*,25,True,51.989,0,0.0266
small,w4,RRT*,26,True,50.511,1,0.0241
small,w4,RRT*,27,True,49.578,0,0.0284
small,w4,RRT*,28,True,50.74,0,0.0247
small,w4,RRT*,29,True,50.898,1,0.0207
small,w4,RRT*,30,True,50.819,1,0.0236
small,w4,RRT*,31,True,50.638,0,0.0261
small,w4,RRT*,32,True,49.579,1,0.026
small,w4,RRT*,33,True,49.993,1,0.0226
small,w4,RRT*,34,True,49.366,0,0.0259
small,w4,RRT*,35,True,50.486,1,0.0257
small,w4,RRT*,36,True,49.777,1,0.0244
small,w4,RRT*,37,False,0.0,0.0,0.0187
small,w4,RRT*,38,True,51.365,1,0.0188
small,w4,RRT*,39,True,51.631,0,0.0245
small,w4,RRT*,40,True,50.241,1,0.05
small,w4,RRT*,41,True,51.204,1,0.0407
small,w4,RRT*,42,False,0.0,0.0,0.0242
small,w4,RRT*,43,True,51.245,0,0.0255
small,w4,RRT*,44,True,49.298,0,0.0246
small,w4,RRT*,45,True,50.403,1,0.0212
small,w4,RRT*,46,True,49.69,0,0.0281
small,w4,RRT*,47,True,50.631,1,0.0242
small,w4,RRT*,48,True,50.083,1,0.0276
small,w4,RRT*,49,True,50.466,1,0.0263
small,w4,RRT*,50,True,50.561,1,0.0261
small,w4,RRT*,51,True,51.4,0,0.0226
small,w4,RRT*,52,True,53.163,1,0.0235
small,w4,RRT*,53,True,51.494,1,0.0289
small,w4,RRT*,54,True,50.745,1,0.023
small,w4,RRT*,55,True,51.243,1,0.0263
small,w4,RRT*,56,True,50.596,1,0.0255
small,w4,RRT*,57,True,51.335,1,0.0282
small,w4,RRT*,58,True,49.623,1,0.0238
small,w4,RRT*,59,True,50.268,1,0.0251
small,w4,RRT*,60,True,51.09,0,0.0266
small,w4,RRT*,61,False,0.0,0.0,0.0151
small,w4,RRT*,62,True,52.981,0,0.0221
small,w4,RRT*,63,True,50.062,1,0.0251
small,w4,RRT*,64,True,50.917,0,0.0246
small,w4,RRT*,65,True,52.744,1,0.0231
small,w4,RRT*,66,True,50.24,1,0.0246
small,w4,RRT*,67,True,50.16,1,0.0227
small,w4,RRT*,68,True,50.737,1,0.0232
small,w4,RRT*,69,True,50.093,0,0.0229
small,w4,RRT*,70,True,50.056,1,0.0261
small,w4,RRT*,71,True,51.661,1,0.0258
small,w4,RRT*,72,True,52.659,1,0.0263
small,w4,RRT*,73,True,50.803,1,0.0234
small,w4,RRT*,74,True,50.413,1,0.0269
small,w4,RRT*,75,True,51.392,1,0.0187
small,w4,RRT*,76,True,50.433,1,0.019
small,w4,RRT*,77,True,49.789,0,0.0236
small,w4,RRT*,78,True,49.726,0,0.0243
small,w4,RRT*,79,True,51.638,1,0.0294
small,w4,RRT*,80,True,51.539,1,0.0325
small,w4,RRT*,81,True,50.463,1,0.0217
small,w4,RRT*,82,True,50.809,1,0.0237
small,w4,RRT*,83,True,49.634,1,0.0285
small,w4,RRT*,84,True,50.731,1,0.0216
small,w4,RRT*,85,True,49.73,0,0.0244
small,w4,RRT*,86,True,52.167,0,0.0224
small,w4,RRT*,87,True,50.327,0,0.0195
small,w4,RRT*,88,False,0.0,0.0,0.0121
small,w4,RRT*,89,True,50.03,1,0.0239
small,w4,RRT*,90,True,49.713,1,0.0238
small,w4,RRT*,91,True,50.252,0,0.0204
small,w4,RRT*,92,True,51.318,0,0.0231
small,w4,RRT*,93,True,52.116,1,0.022
small,w4,RRT*,94,True,52.384,0,0.0239
small,w4,RRT*,95,True,51.726,1,0.0279
small,w4,RRT*,96,True,52.121,1,0.027
small,w4,RRT*,97,True,52.291,0,0.0252
small,w4,RRT*,98,True,50.527,1,0.0252
small,w4,RRT*,99,True,49.609,0,0.0252
small,wide,RRT,0,True,53.27,3,0.0005
small,wide,RRT,1,True,57.27,3,0.0005
small,wide,RRT,2,True,50.175,4,0.0004
small,wide,RRT,3,True,58.395,3,0.0007
small,wide,RRT,4,True,53.207,2,0.0015
small,wide,RRT,5,True,55.02,4,0.0012
small,wide,RRT,6,True,58.055,4,0.0007
small,wide,RRT,7,True,59.785,2,0.0012
small,wide,RRT,8,True,55.166,3,0.0014
small,wide,RRT,9,True,55.024,4,0.0009
small,wide,RRT,10,True,49.227,4,0.001
small,wide,RRT,11,True,53.785,4,0.0017
small,wide,RRT,12,True,49.687,4,0.0015
small,wide,RRT,13,True,53.963,3,0.0015
small,wide,RRT,14,True,80.543,1,0.0026
small,wide,RRT,15,True,54.129,2,0.0006
small,wide,RRT,16,True,56.905,1,0.002
small,wide,RRT,17,True,54.471,4,0.0007
small,wide,RRT,18,True,58.099,3,0.0009
small,wide,RRT,19,True,57.561,4,0.0005
small,wide,RRT,20,True,59.257,3,0.0005
small,wide,RRT,21,True,51.02,4,0.0005
small,wide,RRT,22,True,52.768,2,0.002
small,wide,RRT,23,True,59.601,4,0.0014
small,wide,RRT,24,True,57.301,4,0.0007
small,wide,RRT,25,True,52.389,3,0.0009
small,wide,RRT,26,True,52.679,4,0.0005
small,wide,RRT,27,True,56.141,2,0.0007
small,wide,RRT,28,True,57.634,3,0.001
small,wide,RRT,29,True,51.954,4,0.0007
small,wide,RRT,30,True,59.46,3,0.0011
small,wide,RRT,31,True,56.191,4,0.0006
small,wide,RRT,32,True,58.641,4,0.0025
small,wide,RRT,33,True,55.492,1,0.0021
small,wide,RRT,34,True,52.284,4,0.0008
small,wide,RRT,35,True,54.964,4,0.0008
small,wide,RRT,36,True,58.38,3,0.0032
small,wide,RRT,37,True,70.022,2,0.0049
small,wide,RRT,38,True,66.497,3,0.0006
small,wide,RRT,39,True,51.625,4,0.0007
small,wide,RRT,40,True,53.266,4,0.0009
small,wide,RRT,41,True,60.173,3,0.001
small,wide,RRT,42,True,61.126,3,0.0055
small,wide,RRT,43,True,62.36,4,0.0007
small,wide,RRT,44,True,66.707,4,0.0012
small,wide,RRT,45,True,52.55,3,0.0009
small,wide,RRT,46,True,57.561,3,0.0013
small,wide,RRT,47,True,56.351,3,0.0007
small,wide,RRT,48,True,54.603,4,0.0008
small,wide,RRT,49,True,51.848,4,0.0015
small,wide,RRT,50,True,50.631,4,0.0004
small,wide,RRT,51,True,60.173,4,0.0007
small,wide,RRT,52,True,53.047,3,0.0006
small,wide,RRT,53,True,56.128,4,0.0008
small,wide,RRT,54,True,54.946,4,0.0006
small,wide,RRT,55,True,58.661,4,0.001
small,wide,RRT,56,True,54.778,4,0.0008
small,wide,RRT,57,True,54.893,4,0.0011
small,wide,RRT,58,True,58.855,1,0.0015
small,wide,RRT,59,True,56.762,3,0.0009
small,wide,RRT,60,True,54.743,4,0.0009
small,wide,RRT,61,True,51.45,4,0.0008
small,wide,RRT,62,True,61.876,2,0.0015
small,wide,RRT,63,True,54.442,4,0.0008
small,wide,RRT,64,True,64.037,4,0.0008
small,wide,RRT,65,True,57.27,4,0.0004
small,wide,RRT,66,True,52.137,3,0.0018
small,wide,RRT,67,True,59.533,4,0.0011
small,wide,RRT,68,True,60.357,4,0.0006
small,wide,RRT,69,True,50.026,4,0.0008
small,wide,RRT,70,True,62.493,3,0.0011
small,wide,RRT,71,True,59.136,3,0.0007
small,wide,RRT,72,True,53.461,4,0.0008
small,wide,RRT,73,True,52.278,3,0.0004
small,wide,RRT,74,True,52.612,4,0.002
small,wide,RRT,75,True,49.131,4,0.0008
small,wide,RRT,76,True,52.127,4,0.0005
small,wide,RRT,77,True,59.349,4,0.0004
small,wide,RRT,78,True,52.568,4,0.0008
small,wide,RRT,79,True,59.198,3,0.0011
small,wide,RRT,80,True,63.001,1,0.0011
small,wide,RRT,81,True,57.993,1,0.0056
small,wide,RRT,82,True,60.026,4,0.0014
small,wide,RRT,83,True,52.67,4,0.0008
small,wide,RRT,84,True,64.845,2,0.0043
small,wide,RRT,85,True,51.45,2,0.0015
small,wide,RRT,86,True,65.223,1,0.0012
small,wide,RRT,87,True,72.718,2,0.0061
small,wide,RRT,88,True,61.45,2,0.0038
small,wide,RRT,89,True,63.282,2,0.001
small,wide,RRT,90,True,63.097,3,0.0013
small,wide,RRT,91,True,63.01,2,0.0022
small,wide,RRT,92,True,53.591,4,0.0004
small,wide,RRT,93,True,53.61,3,0.0011
small,wide,RRT,94,True,62.725,4,0.0023
small,wide,RRT,95,True,55.447,3,0.0031
small,wide,RRT,96,True,62.333,3,0.001
small,wide,RRT,97,True,54.129,4,0.001
small,wide,RRT,98,True,64.57,2,0.0018
small,wide,RRT,99,True,55.381,4,0.0013
small,wide,RRT*,0,True,46.547,4,0.0408
small,wide,RRT*,1,True,47.441,3,0.0411
small,wide,RRT*,2,True,46.623,4,0.0446
small,wide,RRT*,3,True,46.651,4,0.0439
small,wide,RRT*,4,True,46.925,4,0.0432
small,wide,RRT*,5,True,46.736,4,0.0448
small,wide,RRT*,6,True,46.801,4,0.0428
small,wide,RRT*,7,True,46.725,4,0.0425
small,wide,RRT*,8,True,46.651,4,0.046
small,wide,RRT*,9,True,46.673,4,0.0423
small,wide,RRT*,10,True,46.999,4,0.044
small,wide,RRT*,11,True,46.538,4,0.0428
small,wide,RRT*,12,True,46.686,4,0.0446
small,wide,RRT*,13,True,46.941,4,0.0458
small,wide,RRT*,14,True,46.938,4,0.0431
small,wide,RRT*,15,True,47.6,4,0.0448
small,wide,RRT*,16,True,46.935,4,0.043
small,wide,RRT*,17,True,46.936,4,0.0457
small,wide,RRT*,18,True,46.638,4,0.0452
small,wide,RRT*,19,True,46.649,4,0.0456
small,wide,RRT*,20,True,47.086,4,0.0416
small,wide,RRT*,21,True,47.021,4,0.0424
small,wide,RRT*,22,True,46.562,4,0.0445
small,wide,RRT*,23,True,46.486,4,0.0431
small,wide,RRT*,24,True,47.037,3,0.0439
small,wide,RRT*,25,True,46.976,3,0.0427
small,wide,RRT*,26,True,46.725,4,0.0593
small,wide,RRT*,27,True,46.677,4,0.0444
small,wide,RRT*,28,True,46.786,4,0.0413
small,wide,RRT*,29,True,46.686,4,0.0421
small,wide,RRT*,30,True,46.948,4,0.044
small,wide,RRT*,31,True,46.756,4,0.0464
small,wide,RRT*,32,True,47.258,4,0.0438
small,wide,RRT*,33,True,46.799,4,0.0464
small,wide,RRT*,34,True,46.662,4,0.0443
small,wide,RRT*,35,True,46.561,4,0.0453
small,wide,RRT*,36,True,46.71,4,0.0436
small,wide,RRT*,37,True,46.955,4,0.0453
small,wide,RRT*,38,True,47.229,4,0.0415
small,wide,RRT*,39,True,46.825,4,0.0437
small,wide,RRT*,40,True,46.886,4,0.0446
small,wide,RRT*,41,True,46.662,4,0.0429
small,wide,RRT*,42,True,46.799,4,0.045
small,wide,RRT*,43,True,46.573,4,0.0504
small,wide,RRT*,44,True,46.764,4,0.0458
small,wide,RRT*,45,True,46.765,4,0.0449
small,wide,RRT*,46,True,46.71,4,0.0469
small,wide,RRT*,47,True,46.551,4,0.0447
small,wide,RRT*,48,True,46.612,4,0.0448
small,wide,RRT*,49,True,46.788,4,0.0455
small,wide,RRT*,50,True,46.538,4,0.0451
small,wide,RRT*,51,True,46.686,4,0.0467
small,wide,RRT*,52,True,47.203,4,0.0449
small,wide,RRT*,53,True,46.688,4,0.0441
small,wide,RRT*,54,True,46.786,4,0.0444
small,wide,RRT*,55,True,46.949,4,0.0461
small,wide,RRT*,56,True,46.814,4,0.0466
small,wide,RRT*,57,True,46.686,4,0.0428
small,wide,RRT*,58,True,46.562,4,0.0432
small,wide,RRT*,59,True,46.873,4,0.0433
small,wide,RRT*,60,True,47.029,4,0.0451
small,wide,RRT*,61,True,47.086,4,0.0454
small,wide,RRT*,62,True,46.759,4,0.0447
small,wide,RRT*,63,True,47.338,4,0.0437
small,wide,RRT*,64,True,46.992,4,0.0441
small,wide,RRT*,65,True,46.831,4,0.0426
small,wide,RRT*,66,True,46.751,4,0.0477
small,wide,RRT*,67,True,46.638,4,0.0449
small,wide,RRT*,68,True,46.499,4,0.0415
small,wide,RRT*,69,True,46.562,4,0.0463
small,wide,RRT*,70,True,47.043,4,0.0447
small,wide,RRT*,71,True,47.593,4,0.0452
small,wide,RRT*,72,True,47.172,4,0.0454
small,wide,RRT*,73,True,46.647,4,0.045
small,wide,RRT*,74,True,46.838,4,0.0447
small,wide,RRT*,75,True,46.412,4,0.0431
small,wide,RRT*,76,True,46.736,4,0.0433
small,wide,RRT*,77,True,46.81,4,0.0456
small,wide,RRT*,78,True,46.638,4,0.0447
small,wide,RRT*,79,True,46.812,4,0.0478
small,wide,RRT*,80,True,47.056,4,0.0424
small,wide,RRT*,81,True,46.701,4,0.0435
small,wide,RRT*,82,True,46.725,4,0.0445
small,wide,RRT*,83,True,46.647,4,0.0458
small,wide,RRT*,84,True,47.489,4,0.0435
small,wide,RRT*,85,True,47.011,4,0.0437
small,wide,RRT*,86,True,46.525,4,0.0429
small,wide,RRT*,87,True,47.249,4,0.0432
small,wide,RRT*,88,True,46.81,4,0.0449
small,wide,RRT*,89,True,46.76,4,0.042
small,wide,RRT*,90,True,47.16,3,0.0424
small,wide,RRT*,91,True,46.923,4,0.0456
small,wide,RRT*,92,True,47.075,4,0.0439
small,wide,RRT*,93,True,46.736,4,0.0404
small,wide,RRT*,94,True,46.588,4,0.0472
small,wide,RRT*,95,True,46.799,4,0.0461
small,wide,RRT*,96,True,46.914,4,0.0466
small,wide,RRT*,97,True,46.562,4,0.0436
small,wide,RRT*,98,True,47.02,4,0.0455
small,wide,RRT*,99,True,46.736,4,0.0451
small,multi,RRT,0,True,52.612,1,0.0009
small,multi,RRT,1,True,60.603,1,0.0035
small,multi,RRT,2,True,52.621,1,0.0023
small,multi,RRT,3,True,59.523,0,0.0017
small,multi,RRT,4,True,52.974,1,0.0021
small,multi,RRT,5,True,58.704,1,0.0022
small,multi,RRT,6,True,56.389,1,0.0024
small,multi,RRT,7,True,57.777,1,0.0015
small,multi,RRT,8,True,58.695,1,0.0044
small,multi,RRT,9,True,60.166,1,0.0017
small,multi,RRT,10,True,61.832,1,0.0025
small,multi,RRT,11,True,55.823,0,0.002
small,multi,RRT,12,True,64.254,1,0.0033
small,multi,RRT,13,True,51.802,1,0.0012
small,multi,RRT,14,True,61.876,0,0.002
small,multi,RRT,15,True,58.67,1,0.0007
small,multi,RRT,16,True,61.033,1,0.0016
small,multi,RRT,17,True,55.532,0,0.0011
small,multi,RRT,18,True,54.12,0,0.0006
small,multi,RRT,19,True,55.74,1,0.0014
small,multi,RRT,20,True,55.922,1,0.0022
small,multi,RRT,21,True,54.129,1,0.001
small,multi,RRT,22,True,63.353,1,0.0028
small,multi,RRT,23,True,56.256,0,0.0029
small,multi,RRT,24,True,55.885,0,0.0016
small,multi,RRT,25,True,56.419,0,0.0009
small,multi,RRT,26,True,56.343,1,0.003
small,multi,RRT,27,True,60.462,0,0.0018
small,multi,RRT,28,True,59.699,1,0.0011
small,multi,RRT,29,True,56.099,1,0.0017
small,multi,RRT,30,True,52.732,1,0.0004
small,multi,RRT,31,True,57.427,1,0.0018
small,multi,RRT,32,True,58.76,0,0.0021
small,multi,RRT,33,True,57.529,1,0.0006
small,multi,RRT,34,True,60.157,1,0.0008
small,multi,RRT,35,True,59.19,1,0.0012
small,multi,RRT,36,True,54.033,0,0.002
small,multi,RRT,37,True,58.099,1,0.0009
small,multi,RRT,38,True,56.008,0,0.0005
small,multi,RRT,39,True,56.641,1,0.0009
small,multi,RRT,40,True,61.885,1,0.0016
small,multi,RRT,41,True,58.182,0,0.001
small,multi,RRT,42,True,55.939,0,0.0007
small,multi,RRT,43,True,57.353,1,0.0008
small,multi,RRT,44,True,57.783,0,0.0009
small,multi,RRT,45,True,61.683,0,0.0011
small,multi,RRT,46,True,57.561,1,0.0011
small,multi,RRT,47,True,56.343,1,0.001
small,multi,RRT,48,True,57.44,1,0.0009
small,multi,RRT,49,True,59.601,1,0.0011
small,multi,RRT,50,True,57.253,1,0.0005
small,multi,RRT,51,True,56.621,1,0.0005
small,multi,RRT,52,True,54.796,1,0.0008
small,multi,RRT,53,True,56.995,0,0.001
small,multi,RRT,54,True,57.01,1,0.0011
small,multi,RRT,55,True,55.28,1,0.0011
small,multi,RRT,56,True,55.551,1,0.0006
small,multi,RRT,57,True,60.54,1,0.0014
small,multi,RRT,58,True,56.612,1,0.0012
small,multi,RRT,59,True,63.644,1,0.0024
small,multi,RRT,60,True,54.472,1,0.0007
small,multi,RRT,61,True,56.457,1,0.0008
small,multi,RRT,62,True,61.839,1,0.0053
small,multi,RRT,63,True,57.469,0,0.0015
small,multi,RRT,64,True,58.099,1,0.001
small,multi,RRT,65,True,55.236,0,0.0007
small,multi,RRT,66,True,56.516,1,0.0007
small,multi,RRT,67,True,55.476,1,0.001
small,multi,RRT,68,True,59.867,1,0.001
small,multi,RRT,69,True,56.009,1,0.0019
small,multi,RRT,70,True,56.836,1,0.0011
small,multi,RRT,71,True,57.562,1,0.002
small,multi,RRT,72,True,54.225,1,0.0013
small,multi,RRT,73,True,53.479,1,0.0004
small,multi,RRT,74,True,56.65,1,0.0019
small,multi,RRT,75,True,67.509,0,0.0018
small,multi,RRT,76,True,54.621,0,0.004
small,multi,RRT,77,True,56.203,0,0.0013
small,multi,RRT,78,True,53.886,1,0.0008
small,multi,RRT,79,True,57.46,1,0.0011
small,multi,RRT,80,True,57.823,1,0.001
small,multi,RRT,81,True,69.195,0,0.0016
small,multi,RRT,82,True,54.621,1,0.0012
small,multi,RRT,83,True,57.291,0,0.0023
small,multi,RRT,84,True,54.369,1,0.0044
small,multi,RRT,85,True,57.272,1,0.0039
small,multi,RRT,86,True,54.451,1,0.0011
small,multi,RRT,87,True,58.277,1,0.0007
small,multi,RRT,88,True,57.959,0,0.0012
small,multi,RRT,89,True,58.985,1,0.0014
small,multi,RRT,90,True,53.198,1,0.0019
small,multi,RRT,91,True,56.545,1,0.0013
small,multi,RRT,92,True,58.38,1,0.0009
small,multi,RRT,93,True,61.358,0,0.0028
small,multi,RRT,94,True,56.612,1,0.0004
small,multi,RRT,95,True,59.309,1,0.0013
small,multi,RRT,96,True,58.41,1,0.0025
small,multi,RRT,97,True,53.663,1,0.0009
small,multi,RRT,98,True,54.84,1,0.0021
small,multi,RRT,99,True,64.434,1,0.0011
small,multi,RRT*,0,True,49.515,1,0.0298
small,multi,RRT*,1,True,49.54,1,0.0304
small,multi,RRT*,2,True,49.236,1,0.0321
small,multi,RRT*,3,True,50.272,1,0.0315
small,multi,RRT*,4,True,49.765,1,0.0327
small,multi,RRT*,5,True,50.272,1,0.0309
small,multi,RRT*,6,True,49.278,1,0.0308
small,multi,RRT*,7,True,49.192,0,0.0308
small,multi,RRT*,8,True,49.947,1,0.0308
small,multi,RRT*,9,True,48.465,2,0.0297
small,multi,RRT*,10,True,49.174,1,0.0318
small,multi,RRT*,11,True,49.026,1,0.0303
small,multi,RRT*,12,True,49.368,1,0.0311
small,multi,RRT*,13,True,48.422,1,0.0311
small,multi,RRT*,14,True,48.314,1,0.031
small,multi,RRT*,15,True,48.921,1,0.0346
small,multi,RRT*,16,True,50.15,0,0.0307
small,multi,RRT*,17,True,49.334,1,0.0332
small,multi,RRT*,18,True,48.511,1,0.0338
small,multi,RRT*,19,True,48.872,1,0.0332
small,multi,RRT*,20,True,49.434,1,0.0318
small,multi,RRT*,21,True,48.566,1,0.0316
small,multi,RRT*,22,True,48.209,0,0.0347
small,multi,RRT*,23,True,48.611,1,0.0298
small,multi,RRT*,24,True,49.229,1,0.0338
small,multi,RRT*,25,True,48.948,1,0.0311
small,multi,RRT*,26,True,48.053,1,0.0333
small,multi,RRT*,27,True,48.456,0,0.0316
small,multi,RRT*,28,True,49.439,1,0.0275
small,multi,RRT*,29,True,48.234,1,0.0301
small,multi,RRT*,30,True,48.515,1,0.0302
small,multi,RRT*,31,True,49.176,1,0.0328
small,multi,RRT*,32,True,48.446,1,0.0329
small,multi,RRT*,33,True,48.359,1,0.0285
small,multi,RRT*,34,True,48.375,0,0.0312
small,multi,RRT*,35,True,48.223,1,0.0314
small,multi,RRT*,36,True,48.605,1,0.0318
small,multi,RRT*,37,True,49.026,1,0.0328
small,multi,RRT*,38,True,49.677,1,0.0294
small,multi,RRT*,39,True,49.496,1,0.031
small,multi,RRT*,40,True,48.723,1,0.0328
small,multi,RRT*,41,True,48.894,1,0.0306
small,multi,RRT*,42,True,48.476,0,0.0321
small,multi,RRT*,43,True,48.799,0,0.0302
small,multi,RRT*,44,True,48.906,1,0.0477
small,multi,RRT*,45,True,48.772,0,0.0336
small,multi,RRT*,46,True,48.869,1,0.0333
small,multi,RRT*,47,True,48.259,1,0.0342
small,multi,RRT*,48,True,49.205,1,0.0315
small,multi,RRT*,49,True,49.029,1,0.0328
small,multi,RRT*,50,True,49.587,1,0.0348
small,multi,RRT*,51,True,49.666,0,0.0305
small,multi,RRT*,52,True,49.269,1,0.0316
small,multi,RRT*,53,True,48.529,0,0.0326
small,multi,RRT*,54,True,48.433,0,0.0299
small,multi,RRT*,55,True,49.009,1,0.0324
small,multi,RRT*,56,True,49.269,1,0.0327
small,multi,RRT*,57,True,48.179,1,0.0325
small,multi,RRT*,58,True,48.42,1,0.0292
small,multi,RRT*,59,True,48.729,1,0.032
small,multi,RRT*,60,True,48.889,1,0.03
small,multi,RRT*,61,True,48.453,1,0.0316
small,multi,RRT*,62,True,49.99,1,0.0324
small,multi,RRT*,63,True,50.434,0,0.0292
small,multi,RRT*,64,True,49.702,0,0.0301
small,multi,RRT*,65,True,48.179,0,0.0304
small,multi,RRT*,66,True,49.906,1,0.0289
small,multi,RRT*,67,True,48.791,1,0.0308
small,multi,RRT*,68,True,49.33,1,0.0276
small,multi,RRT*,69,True,48.306,0,0.0305
small,multi,RRT*,70,True,48.612,0,0.0348
small,multi,RRT*,71,True,49.356,0,0.0347
small,multi,RRT*,72,True,49.855,1,0.0333
small,multi,RRT*,73,True,48.435,1,0.0438
small,multi,RRT*,74,True,49.063,1,0.0349
small,multi,RRT*,75,True,50.024,1,0.0258
small,multi,RRT*,76,True,48.586,0,0.0311
small,multi,RRT*,77,True,48.412,0,0.0283
small,multi,RRT*,78,True,49.321,1,0.0312
small,multi,RRT*,79,True,49.146,1,0.0329
small,multi,RRT*,80,True,49.697,1,0.0318
small,multi,RRT*,81,True,50.048,0,0.0283
small,multi,RRT*,82,True,49.334,0,0.0314
small,multi,RRT*,83,True,48.053,1,0.0312
small,multi,RRT*,84,True,49.992,2,0.0297
small,multi,RRT*,85,True,48.376,1,0.0293
small,multi,RRT*,86,True,49.824,0,0.0319
small,multi,RRT*,87,True,49.491,1,0.0312
small,multi,RRT*,88,True,49.062,0,0.0345
small,multi,RRT*,89,True,48.625,1,0.0313
small,multi,RRT*,90,True,48.61,1,0.0286
small,multi,RRT*,91,True,48.722,0,0.0334
small,multi,RRT*,92,True,49.542,0,0.0305
small,multi,RRT*,93,True,48.667,1,0.0298
small,multi,RRT*,94,True,48.755,0,0.0333
small,multi,RRT*,95,True,48.729,1,0.0333
small,multi,RRT*,96,True,49.082,1,0.0308
small,multi,RRT*,97,True,48.744,0,0.0321
small,multi,RRT*,98,True,49.07,1,0.0325
small,multi,RRT*,99,True,48.47,0,0.0295
body,w7,RRT,0,True,53.198,1,0.0018
body,w7,RRT,1,True,59.207,2,0.0021
body,w7,RRT,2,True,56.608,2,0.0026
body,w7,RRT,3,True,68.632,2,0.0036
body,w7,RRT,4,True,59.134,1,0.0062
body,w7,RRT,5,True,58.443,2,0.0038
body,w7,RRT,6,True,53.822,1,0.0027
body,w7,RRT,7,True,63.399,1,0.006
body,w7,RRT,8,True,55.029,1,0.002
body,w7,RRT,9,True,60.686,2,0.003
body,w7,RRT,10,True,63.27,1,0.0048
body,w7,RRT,11,True,59.752,1,0.0036
body,w7,RRT,12,True,56.893,1,0.0038
body,w7,RRT,13,True,54.86,2,0.0046
body,w7,RRT,14,True,58.178,1,0.0037
body,w7,RRT,15,True,54.621,2,0.0036
body,w7,RRT,16,True,56.583,1,0.0088
body,w7,RRT,17,True,55.02,2,0.0022
body,w7,RRT,18,True,54.603,1,0.0015
body,w7,RRT,19,True,55.671,1,0.0057
body,w7,RRT,20,True,57.758,1,0.0085
body,w7,RRT,21,True,66.246,2,0.006
body,w7,RRT,22,True,59.01,2,0.007
body,w7,RRT,23,True,58.451,2,0.0057
body,w7,RRT,24,True,58.864,1,0.0054
body,w7,RRT,25,True,60.766,1,0.0044
body,w7,RRT,26,True,62.108,1,0.0054
body,w7,RRT,27,True,54.498,1,0.0049
body,w7,RRT,28,True,55.02,1,0.0043
body,w7,RRT,29,True,63.107,1,0.0093
body,w7,RRT,30,True,54.797,1,0.0023
body,w7,RRT,31,True,53.298,1,0.0014
body,w7,RRT,32,True,59.561,2,0.0041
body,w7,RRT,33,True,57.418,1,0.0049
body,w7,RRT,34,True,57.15,1,0.0012
body,w7,RRT,35,True,58.791,1,0.0031
body,w7,RRT,36,True,55.774,1,0.0019
body,w7,RRT,37,True,54.631,1,0.0032
body,w7,RRT,38,True,57.571,1,0.0008
body,w7,RRT,39,True,57.084,1,0.0059
body,w7,RRT,40,True,57.906,2,0.0012
body,w7,RRT,41,True,59.707,1,0.0026
body,w7,RRT,42,True,55.501,1,0.0024
body,w7,RRT,43,True,66.352,1,0.0041
body,w7,RRT,44,True,58.811,1,0.0038
body,w7,RRT,45,True,59.237,1,0.0022
body,w7,RRT,46,True,56.723,2,0.002
body,w7,RRT,47,True,54.964,2,0.0008
body,w7,RRT,48,True,55.227,1,0.0007
body,w7,RRT,49,True,55.029,2,0.0011
body,w7,RRT,50,True,58.902,1,0.0028
body,w7,RRT,51,True,64.957,2,0.0012
body,w7,RRT,52,True,62.442,2,0.0021
body,w7,RRT,53,True,57.057,2,0.0008
body,w7,RRT,54,True,63.543,1,0.0038
body,w7,RRT,55,True,59.02,2,0.0021
body,w7,RRT,56,True,58.964,2,0.0013
body,w7,RRT,57,True,55.857,1,0.0032
body,w7,RRT,58,True,55.469,1,0.0044
body,w7,RRT,59,True,58.898,1,0.0021
body,w7,RRT,60,True,54.064,1,0.0015
body,w7,RRT,61,True,68.343,2,0.0066
body,w7,RRT,62,True,59.207,1,0.0038
body,w7,RRT,63,True,58.946,2,0.0034
body,w7,RRT,64,True,63.839,1,0.0038
body,w7,RRT,65,True,58.302,1,0.0037
body,w7,RRT,66,True,57.372,1,0.0022
body,w7,RRT,67,True,51.687,1,0.0018
body,w7,RRT,68,True,66.182,1,0.0083
body,w7,RRT,69,True,55.615,2,0.0034
body,w7,RRT,70,True,58.851,1,0.0049
body,w7,RRT,71,True,56.893,1,0.003
body,w7,RRT,72,True,58.601,2,0.0024
body,w7,RRT,73,True,61.469,1,0.0044
body,w7,RRT,74,True,62.946,1,0.0031
body,w7,RRT,75,True,58.695,1,0.0057
body,w7,RRT,76,True,56.035,1,0.0027
body,w7,RRT,77,True,55.607,1,0.0011
body,w7,RRT,78,True,51.785,1,0.0008
body,w7,RRT,79,True,52.307,1,0.0027
body,w7,RRT,80,True,60.442,1,0.0051
body,w7,RRT,81,True,59.551,1,0.0022
body,w7,RRT,82,True,53.867,2,0.0014
body,w7,RRT,83,True,58.013,1,0.0036
body,w7,RRT,84,True,65.627,1,0.0051
body,w7,RRT,85,True,51.793,1,0.0027
body,w7,RRT,86,True,58.117,2,0.0024
body,w7,RRT,87,True,57.84,2,0.0023
body,w7,RRT,88,True,57.289,1,0.001
body,w7,RRT,89,True,64.527,1,0.0026
body,w7,RRT,90,True,53.857,1,0.003
body,w7,RRT,91,True,53.522,1,0.0021
body,w7,RRT,92,True,60.086,1,0.0075
body,w7,RRT,93,True,55.877,1,0.0036
body,w7,RRT,94,False,0.0,0.0,0.0107
body,w7,RRT,95,True,59.793,1,0.0028
body,w7,RRT,96,True,56.641,1,0.0029
body,w7,RRT,97,True,56.782,2,0.0025
body,w7,RRT,98,True,56.193,1,0.0033
body,w7,RRT,99,True,53.541,1,0.0035
body,w7,RRT*,0,True,50.236,1,0.0199
body,w7,RRT*,1,True,50.867,2,0.0177
body,w7,RRT*,2,True,50.284,2,0.0159
body,w7,RRT*,3,True,51.052,2,0.0168
body,w7,RRT*,4,True,50.83,1,0.018
body,w7,RRT*,5,True,51.129,1,0.0166
body,w7,RRT*,6,True,51.656,1,0.0193
body,w7,RRT*,7,True,49.988,1,0.0171
body,w7,RRT*,8,True,49.896,1,0.0161
body,w7,RRT*,9,True,50.062,1,0.0166
body,w7,RRT*,10,True,49.943,1,0.0188
body,w7,RRT*,11,True,50.029,2,0.0169
body,w7,RRT*,12,True,49.434,1,0.0191
body,w7,RRT*,13,True,50.021,2,0.018
body,w7,RRT*,14,True,49.91,2,0.019
body,w7,RRT*,15,True,50.845,2,0.02
body,w7,RRT*,16,True,50.064,1,0.0162
body,w7,RRT*,17,True,49.802,1,0.0184
body,w7,RRT*,18,True,49.745,1,0.0171
body,w7,RRT*,19,True,49.491,1,0.0192
body,w7,RRT*,20,True,49.859,1,0.0172
body,w7,RRT*,21,True,50.978,2,0.018
body,w7,RRT*,22,True,50.303,2,0.0182
body,w7,RRT*,23,True,51.725,2,0.0157
body,w7,RRT*,24,True,50.193,1,0.0165
body,w7,RRT*,25,True,50.462,2,0.017
body,w7,RRT*,26,True,49.397,2,0.0185
body,w7,RRT*,27,True,49.638,1,0.0179
body,w7,RRT*,28,True,49.458,1,0.0178
body,w7,RRT*,29,True,51.524,2,0.0163
body,w7,RRT*,30,True,50.247,1,0.0182
body,w7,RRT*,31,True,49.59,1,0.0175
body,w7,RRT*,32,True,49.628,1,0.0163
body,w7,RRT*,33,True,50.607,1,0.015
body,w7,RRT*,34,True,50.465,1,0.018
body,w7,RRT*,35,True,51.971,2,0.0177
body,w7,RRT*,36,True,50.089,1,0.0172
body,w7,RRT*,37,True,50.084,1,0.0187
body,w7,RRT*,38,True,50.597,1,0.0164
body,w7,RRT*,39,True,50.754,1,0.0146
body,w7,RRT*,40,True,49.645,1,0.0197
body,w7,RRT*,41,True,50.027,1,0.016
body,w7,RRT*,42,True,50.092,1,0.017
body,w7,RRT*,43,True,50.171,1,0.0158
body,w7,RRT*,44,True,50.061,1,0.0221
body,w7,RRT*,45,True,50.061,1,0.0163
body,w7,RRT*,46,True,49.773,1,0.0203
body,w7,RRT*,47,True,49.677,2,0.018
body,w7,RRT*,48,True,50.833,1,0.0163
body,w7,RRT*,49,True,50.524,1,0.0187
body,w7,RRT*,50,True,49.88,1,0.0181
body,w7,RRT*,51,True,50.631,1,0.0171
body,w7,RRT*,52,True,50.8,1,0.0173
body,w7,RRT*,53,True,51.317,2,0.0209
body,w7,RRT*,54,True,50.314,1,0.0162
body,w7,RRT*,55,True,50.045,2,0.0172
body,w7,RRT*,56,True,50.049,1,0.0174
body,w7,RRT*,57,True,49.932,1,0.0182
body,w7,RRT*,58,True,50.204,1,0.0183
body,w7,RRT*,59,True,50.314,2,0.019
body,w7,RRT*,60,True,49.841,1,0.0189
body,w7,RRT*,61,True,51.171,1,0.0159
body,w7,RRT*,62,True,49.434,1,0.0175
body,w7,RRT*,63,True,50.648,1,0.0163
body,w7,RRT*,64,True,50.262,1,0.0172
body,w7,RRT*,65,True,50.651,1,0.0149
body,w7,RRT*,66,True,50.394,2,0.0178
body,w7,RRT*,67,True,50.328,1,0.0157
body,w7,RRT*,68,True,50.514,1,0.0164
body,w7,RRT*,69,True,50.316,1,0.0177
body,w7,RRT*,70,True,50.922,2,0.0191
body,w7,RRT*,71,True,51.496,1,0.0165
body,w7,RRT*,72,True,51.793,1,0.0192
body,w7,RRT*,73,True,50.85,2,0.0218
body,w7,RRT*,74,True,50.161,1,0.0204
body,w7,RRT*,75,True,50.45,1,0.0184
body,w7,RRT*,76,True,49.512,2,0.0192
body,w7,RRT*,77,True,49.911,1,0.0176
body,w7,RRT*,78,True,49.614,1,0.0193
body,w7,RRT*,79,True,50.262,1,0.0258
body,w7,RRT*,80,True,51.317,2,0.0184
body,w7,RRT*,81,True,49.854,1,0.0166
body,w7,RRT*,82,True,50.314,2,0.0181
body,w7,RRT*,83,True,49.59,1,0.0201
body,w7,RRT*,84,True,50.53,1,0.0158
body,w7,RRT*,85,True,50.23,1,0.017
body,w7,RRT*,86,True,50.116,2,0.0165
body,w7,RRT*,87,True,50.315,1,0.0178
body,w7,RRT*,88,True,49.809,1,0.0166
body,w7,RRT*,89,True,50.536,2,0.016
body,w7,RRT*,90,True,50.182,1,0.0181
body,w7,RRT*,91,True,49.711,1,0.0204
body,w7,RRT*,92,True,51.035,1,0.0167
body,w7,RRT*,93,True,50.015,2,0.0182
body,w7,RRT*,94,False,0.0,0.0,0.016
body,w7,RRT*,95,True,49.458,1,0.0172
body,w7,RRT*,96,True,51.293,2,0.0177
body,w7,RRT*,97,True,50.918,2,0.0187
body,w7,RRT*,98,True,49.513,1,0.0186
body,w7,RRT*,99,True,49.935,1,0.0191
body,w6,RRT,0,True,53.198,1,0.0017
body,w6,RRT,1,True,59.207,2,0.0025
body,w6,RRT,2,True,61.615,1,0.0082
body,w6,RRT,3,True,67.877,1,0.0034
body,w6,RRT,4,True,59.134,1,0.0066
body,w6,RRT,5,True,57.038,2,0.0027
body,w6,RRT,6,True,59.793,2,0.004
body,w6,RRT,7,True,64.072,1,0.0059
body,w6,RRT,8,True,55.029,1,0.0021
body,w6,RRT,9,True,58.329,1,0.0029
body,w6,RRT,10,True,61.121,1,0.0021
body,w6,RRT,11,True,62.58,1,0.0035
body,w6,RRT,12,True,54.695,1,0.0075
body,w6,RRT,13,True,55.94,1,0.004
body,w6,RRT,14,True,59.504,1,0.003
body,w6,RRT,15,True,54.621,2,0.0019
body,w6,RRT,16,True,60.381,1,0.0042
body,w6,RRT,17,True,58.389,1,0.0043
body,w6,RRT,18,True,55.683,1,0.0015
body,w6,RRT,19,True,55.671,1,0.0031
body,w6,RRT,20,True,58.846,1,0.0013
body,w6,RRT,21,True,65.01,2,0.0031
body,w6,RRT,22,True,60.182,2,0.0055
body,w6,RRT,23,True,58.451,2,0.0032
body,w6,RRT,24,True,58.864,1,0.0039
body,w6,RRT,25,True,62.787,1,0.0042
body,w6,RRT,26,True,62.389,1,0.0028
body,w6,RRT,27,True,54.498,1,0.0024
body,w6,RRT,28,True,56.938,1,0.0048
body,w6,RRT,29,True,57.084,1,0.0046
body,w6,RRT,30,True,59.682,1,0.0035
body,w6,RRT,31,True,55.363,1,0.0076
body,w6,RRT,32,True,59.561,1,0.0046
body,w6,RRT,33,True,58.609,1,0.0043
body,w6,RRT,34,True,62.903,1,0.0023
body,w6,RRT,35,True,58.435,2,0.0023
body,w6,RRT,36,True,57.678,1,0.0036
body,w6,RRT,37,True,52.732,1,0.0033
body,w6,RRT,38,True,58.295,2,0.0045
body,w6,RRT,39,True,57.084,1,0.0066
body,w6,RRT,40,True,61.059,1,0.0036
body,w6,RRT,41,True,61.604,2,0.0027
body,w6,RRT,42,False,0.0,0.0,0.0085
body,w6,RRT,43,True,66.824,1,0.0041
body,w6,RRT,44,True,56.984,2,0.0032
body,w6,RRT,45,True,64.966,1,0.0036
body,w6,RRT,46,True,56.723,1,0.0021
body,w6,RRT,47,True,58.641,2,0.0022
body,w6,RRT,48,True,55.551,1,0.0028
body,w6,RRT,49,True,55.029,2,0.0012
body,w6,RRT,50,True,58.389,2,0.0029
body,w6,RRT,51,True,62.454,2,0.0012
body,w6,RRT,52,True,58.389,1,0.0061
body,w6,RRT,53,True,57.02,2,0.0013
body,w6,RRT,54,True,63.038,1,0.0064
body,w6,RRT,55,True,59.02,1,0.0021
body,w6,RRT,56,True,58.964,2,0.0011
body,w6,RRT,57,True,53.857,1,0.0035
body,w6,RRT,58,True,60.443,1,0.0089
body,w6,RRT,59,True,60.356,1,0.0071
body,w6,RRT,60,True,55.608,1,0.0025
body,w6,RRT,61,False,0.0,0.0,0.0077
body,w6,RRT,62,True,65.513,1,0.0056
body,w6,RRT,63,True,58.612,1,0.003
body,w6,RRT,64,True,62.351,1,0.0049
body,w6,RRT,65,True,57.644,1,0.0039
body,w6,RRT,66,True,56.074,1,0.0025
body,w6,RRT,67,True,54.035,1,0.0036
body,w6,RRT,68,True,66.182,1,0.0085
body,w6,RRT,69,True,57.198,1,0.0042
body,w6,RRT,70,True,54.492,1,0.0094
body,w6,RRT,71,True,58.893,1,0.0076
body,w6,RRT,72,True,59.049,1,0.0045
body,w6,RRT,73,False,0.0,0.0,0.0085
body,w6,RRT,74,False,0.0,0.0,0.0098
body,w6,RRT,75,True,57.216,2,0.0053
body,w6,RRT,76,True,53.038,1,0.0054
body,w6,RRT,77,True,61.19,1,0.004
body,w6,RRT,78,True,58.604,1,0.0021
body,w6,RRT,79,True,57.291,1,0.004
body,w6,RRT,80,True,59.183,1,0.0045
body,w6,RRT,81,True,57.784,1,0.0055
body,w6,RRT,82,True,57.702,1,0.0044
body,w6,RRT,83,True,59.697,1,0.0036
body,w6,RRT,84,True,57.385,1,0.0052
body,w6,RRT,85,True,55.541,1,0.0028
body,w6,RRT,86,True,62.631,2,0.0042
body,w6,RRT,87,True,61.763,1,0.0061
body,w6,RRT,88,False,0.0,0.0,0.0079
body,w6,RRT,89,True,65.402,1,0.0029
body,w6,RRT,90,True,55.973,2,0.0011
body,w6,RRT,91,True,57.198,1,0.0084
body,w6,RRT,92,True,60.086,1,0.0076
body,w6,RRT,93,True,54.621,1,0.004
body,w6,RRT,94,False,0.0,0.0,0.0108
body,w6,RRT,95,True,58.955,1,0.0024
body,w6,RRT,96,True,59.636,1,0.0027
body,w6,RRT,97,True,56.191,2,0.0036
body,w6,RRT,98,True,61.931,1,0.0035
body,w6,RRT,99,False,0.0,0.0,0.0082
body,w6,RRT*,0,True,50.566,1,0.0163
body,w6,RRT*,1,True,51.435,1,0.0169
body,w6,RRT*,2,True,51.521,1,0.0146
body,w6,RRT*,3,True,51.899,1,0.0148
body,w6,RRT*,4,True,51.549,1,0.0177
body,w6,RRT*,5,True,52.409,1,0.0171
body,w6,RRT*,6,True,51.185,1,0.0182
body,w6,RRT*,7,True,50.999,2,0.018
body,w6,RRT*,8,True,50.354,1,0.0162
body,w6,RRT*,9,True,51.875,1,0.0162
body,w6,RRT*,10,True,50.547,1,0.018
body,w6,RRT*,11,True,52.008,2,0.0168
body,w6,RRT*,12,True,50.427,1,0.0142
body,w6,RRT*,13,True,51.686,1,0.0141
body,w6,RRT*,14,True,51.332,1,0.0186
body,w6,RRT*,15,True,51.558,2,0.0193
body,w6,RRT*,16,True,51.871,2,0.0148
body,w6,RRT*,17,True,51.98,1,0.0178
body,w6,RRT*,18,True,51.371,1,0.0168
body,w6,RRT*,19,True,50.186,1,0.0188
body,w6,RRT*,20,True,49.71,1,0.0165
body,w6,RRT*,21,True,50.978,2,0.0183
body,w6,RRT*,22,True,50.453,1,0.0168
body,w6,RRT*,23,True,51.919,2,0.0156
body,w6,RRT*,24,True,50.284,1,0.0159
body,w6,RRT*,25,True,50.303,1,0.0166
body,w6,RRT*,26,True,51.571,2,0.0182
body,w6,RRT*,27,True,50.036,1,0.0171
body,w6,RRT*,28,True,50.451,1,0.0151
body,w6,RRT*,29,True,51.263,2,0.0149
body,w6,RRT*,30,True,51.204,1,0.0171
body,w6,RRT*,31,True,51.436,1,0.0156
body,w6,RRT*,32,True,50.63,1,0.0165
body,w6,RRT*,33,True,51.195,1,0.0146
body,w6,RRT*,34,True,50.901,1,0.0167
body,w6,RRT*,35,True,51.971,2,0.0175
body,w6,RRT*,36,True,51.15,1,0.0167
body,w6,RRT*,37,True,50.272,1,0.0181
body,w6,RRT*,38,True,51.726,2,0.0158
body,w6,RRT*,39,True,51.405,1,0.0142
body,w6,RRT*,40,True,50.649,1,0.0197
body,w6,RRT*,41,True,51.119,1,0.0157
body,w6,RRT*,42,False,0.0,0.0,0.0102
body,w6,RRT*,43,True,51.018,2,0.0151
body,w6,RRT*,44,True,50.303,1,0.0162
body,w6,RRT*,45,True,50.466,1,0.0147
body,w6,RRT*,46,True,49.773,1,0.0199
body,w6,RRT*,47,True,51.425,1,0.0287
body,w6,RRT*,48,True,51.535,2,0.0163
body,w6,RRT*,49,True,51.083,1,0.0185
body,w6,RRT*,50,True,50.749,1,0.0175
body,w6,RRT*,51,True,49.87,2,0.017
body,w6,RRT*,52,True,53.119,2,0.0146
body,w6,RRT*,53,True,51.441,1,0.0195
body,w6,RRT*,54,True,50.808,1,0.0147
body,w6,RRT*,55,True,51.511,2,0.0173
body,w6,RRT*,56,True,51.474,2,0.0183
body,w6,RRT*,57,True,50.624,1,0.0243
body,w6,RRT*,58,True,51.849,1,0.0152
body,w6,RRT*,59,True,51.288,2,0.0207
body,w6,RRT*,60,True,51.496,1,0.0175
body,w6,RRT*,61,False,0.0,0.0,0.0102
body,w6,RRT*,62,True,53.157,1,0.0153
body,w6,RRT*,63,True,50.514,1,0.0163
body,w6,RRT*,64,True,51.02,1,0.0163
body,w6,RRT*,65,True,51.173,1,0.0172
body,w6,RRT*,66,True,50.775,2,0.0192
body,w6,RRT*,67,True,52.083,1,0.0148
body,w6,RRT*,68,True,51.478,1,0.0163
body,w6,RRT*,69,True,50.316,1,0.0153
body,w6,RRT*,70,True,50.336,1,0.014
body,w6,RRT*,71,True,53.658,1,0.0162
body,w6,RRT*,72,True,51.441,1,0.0179
body,w6,RRT*,73,False,0.0,0.0,0.0104
body,w6,RRT*,74,False,0.0,0.0,0.0128
body,w6,RRT*,75,True,50.942,1,0.017
body,w6,RRT*,76,True,50.433,2,0.0132
body,w6,RRT*,77,True,50.823,1,0.0166
body,w6,RRT*,78,True,50.327,1,0.0158
body,w6,RRT*,79,True,51.743,2,0.0166
body,w6,RRT*,80,True,50.727,2,0.0158
body,w6,RRT*,81,True,52.02,1,0.0126
body,w6,RRT*,82,True,50.335,2,0.0169
body,w6,RRT*,83,True,50.72,1,0.0202
body,w6,RRT*,84,True,51.824,2,0.0149
body,w6,RRT*,85,True,50.428,1,0.0169
body,w6,RRT*,86,True,50.805,2,0.0149
body,w6,RRT*,87,True,52.291,1,0.0159
body,w6,RRT*,88,False,0.0,0.0,0.009
body,w6,RRT*,89,True,51.292,2,0.0154
body,w6,RRT*,90,True,50.565,1,0.0168
body,w6,RRT*,91,True,51.083,1,0.0138
body,w6,RRT*,92,True,53.75,1,0.0164
body,w6,RRT*,93,True,50.46,2,0.0178
body,w6,RRT*,94,False,0.0,0.0,0.0158
body,w6,RRT*,95,True,51.045,1,0.0162
body,w6,RRT*,96,True,52.512,2,0.019
body,w6,RRT*,97,True,52.125,2,0.0174
body,w6,RRT*,98,True,51.922,1,0.0204
body,w6,RRT*,99,False,0.0,0.0,0.0109
body,w5,RRT,0,True,59.207,1,0.0062
body,w5,RRT,1,True,57.479,2,0.0099
body,w5,RRT,2,True,63.363,2,0.0078
body,w5,RRT,3,True,66.732,2,0.0066
body,w5,RRT,4,True,55.459,1,0.0026
body,w5,RRT,5,True,57.038,2,0.0027
body,w5,RRT,6,True,59.793,2,0.0041
body,w5,RRT,7,True,64.072,1,0.0058
body,w5,RRT,8,True,59.553,1,0.0058
body,w5,RRT,9,True,62.76,1,0.0071
body,w5,RRT,10,True,56.703,1,0.0019
body,w5,RRT,11,True,63.248,1,0.0085
body,w5,RRT,12,False,0.0,0.0,0.0082
body,w5,RRT,13,False,0.0,0.0,0.0105
body,w5,RRT,14,True,62.091,1,0.0048
body,w5,RRT,15,False,0.0,0.0,0.0084
body,w5,RRT,16,False,0.0,0.0,0.0079
body,w5,RRT,17,True,52.452,1,0.002
body,w5,RRT,18,True,55.561,1,0.0015
body,w5,RRT,19,True,57.353,2,0.0028
body,w5,RRT,20,True,57.125,1,0.0062
body,w5,RRT,21,True,65.01,2,0.0043
body,w5,RRT,22,False,0.0,0.0,0.0084
body,w5,RRT,23,True,62.291,1,0.0055
body,w5,RRT,24,True,58.864,1,0.0038
body,w5,RRT,25,True,58.182,1,0.0054
body,w5,RRT,26,False,0.0,0.0,0.0078
body,w5,RRT,27,True,62.023,1,0.0048
body,w5,RRT,28,True,56.938,1,0.0047
body,w5,RRT,29,False,0.0,0.0,0.008
body,w5,RRT,30,True,58.679,2,0.0031
body,w5,RRT,31,True,56.631,1,0.0063
body,w5,RRT,32,False,0.0,0.0,0.0079
body,w5,RRT,33,False,0.0,0.0,0.0079
body,w5,RRT,34,True,64.869,1,0.0075
body,w5,RRT,35,True,58.435,2,0.002
body,w5,RRT,36,True,57.959,1,0.0031
body,w5,RRT,37,False,0.0,0.0,0.0088
body,w5,RRT,38,True,57.03,1,0.0052
body,w5,RRT,39,False,0.0,0.0,0.0093
body,w5,RRT,40,True,55.968,1,0.003
body,w5,RRT,41,True,57.207,2,0.0026
body,w5,RRT,42,False,0.0,0.0,0.008
body,w5,RRT,43,False,0.0,0.0,0.0083
body,w5,RRT,44,True,59.384,1,0.0055
body,w5,RRT,45,False,0.0,0.0,0.0072
body,w5,RRT,46,False,0.0,0.0,0.0095
body,w5,RRT,47,True,55.45,1,0.0044
body,w5,RRT,48,True,61.247,1,0.0058
body,w5,RRT,49,True,57.363,2,0.0037
body,w5,RRT,50,True,58.864,1,0.003
body,w5,RRT,51,True,64.773,1,0.0015
body,w5,RRT,52,False,0.0,0.0,0.0078
body,w5,RRT,53,True,55.702,2,0.0013
body,w5,RRT,54,False,0.0,0.0,0.0083
body,w5,RRT,55,True,57.533,1,0.0029
body,w5,RRT,56,True,58.964,2,0.0012
body,w5,RRT,57,True,64.715,2,0.0079
body,w5,RRT,58,True,56.984,2,0.0059
body,w5,RRT,59,True,59.475,2,0.0055
body,w5,RRT,60,True,60.343,1,0.0057
body,w5,RRT,61,False,0.0,0.0,0.0081
body,w5,RRT,62,True,58.955,1,0.0077
body,w5,RRT,63,True,57.468,1,0.0033
body,w5,RRT,64,True,60.108,1,0.0043
body,w5,RRT,65,True,57.644,1,0.0039
body,w5,RRT,66,True,56.074,1,0.0024
body,w5,RRT,67,True,54.064,1,0.0033
body,w5,RRT,68,True,60.191,1,0.0065
body,w5,RRT,69,True,57.198,1,0.0061
body,w5,RRT,70,True,56.492,1,0.0085
body,w5,RRT,71,True,58.138,1,0.0068
body,w5,RRT,72,True,56.285,1,0.0036
body,w5,RRT,73,False,0.0,0.0,0.008
body,w5,RRT,74,True,62.278,1,0.0056
body,w5,RRT,75,True,55.972,2,0.0085
body,w5,RRT,76,True,55.718,1,0.0028
body,w5,RRT,77,True,61.84,1,0.0037
body,w5,RRT,78,True,58.604,1,0.0022
body,w5,RRT,79,False,0.0,0.0,0.0073
body,w5,RRT,80,True,58.191,1,0.006
body,w5,RRT,81,False,0.0,0.0,0.0078
body,w5,RRT,82,True,55.281,1,0.0062
body,w5,RRT,83,True,57.437,1,0.0057
body,w5,RRT,84,True,60.873,1,0.0055
body,w5,RRT,85,True,55.876,2,0.0026
body,w5,RRT,86,True,58.064,2,0.0037
body,w5,RRT,87,True,62.193,1,0.0058
body,w5,RRT,88,False,0.0,0.0,0.0074
body,w5,RRT,89,True,65.402,1,0.0026
body,w5,RRT,90,True,55.973,1,0.0013
body,w5,RRT,91,False,0.0,0.0,0.0083
body,w5,RRT,92,True,58.136,1,0.0077
body,w5,RRT,93,True,54.621,1,0.0036
body,w5,RRT,94,False,0.0,0.0,0.0105
body,w5,RRT,95,True,58.955,1,0.0024
body,w5,RRT,96,False,0.0,0.0,0.0082
body,w5,RRT,97,True,55.711,2,0.0036
body,w5,RRT,98,True,58.119,2,0.0031
body,w5,RRT,99,False,0.0,0.0,0.0077
body,w5,RRT*,0,True,51.023,1,0.0119
body,w5,RRT*,1,True,52.405,2,0.011
body,w5,RRT*,2,True,53.289,1,0.0138
body,w5,RRT*,3,True,52.214,1,0.0136
body,w5,RRT*,4,True,51.582,1,0.0153
body,w5,RRT*,5,True,53.055,1,0.0162
body,w5,RRT*,6,True,51.819,1,0.0178
body,w5,RRT*,7,True,50.999,2,0.0172
body,w5,RRT*,8,True,53.256,1,0.0254
body,w5,RRT*,9,True,51.677,2,0.0114
body,w5,RRT*,10,True,51.584,2,0.0293
body,w5,RRT*,11,True,53.797,1,0.0248
body,w5,RRT*,12,False,0.0,0.0,0.0136
body,w5,RRT*,13,False,0.0,0.0,0.0131
body,w5,RRT*,14,True,52.383,2,0.0151
body,w5,RRT*,15,False,0.0,0.0,0.0129
body,w5,RRT*,16,False,0.0,0.0,0.0104
body,w5,RRT*,17,True,51.128,1,0.0261
body,w5,RRT*,18,True,51.237,1,0.017
body,w5,RRT*,19,True,52.845,2,0.0166
body,w5,RRT*,20,True,51.398,1,0.0135
body,w5,RRT*,21,True,51.627,1,0.0173
body,w5,RRT*,22,False,0.0,0.0,0.011
body,w5,RRT*,23,True,52.469,1,0.0135
body,w5,RRT*,24,True,51.762,2,0.0165
body,w5,RRT*,25,True,52.556,2,0.0138
body,w5,RRT*,26,False,0.0,0.0,0.01
body,w5,RRT*,27,True,51.361,1,0.017
body,w5,RRT*,28,True,51.623,1,0.0152
body,w5,RRT*,29,False,0.0,0.0,0.0104
body,w5,RRT*,30,True,52.186,1,0.0163
body,w5,RRT*,31,True,52.494,2,0.0133
body,w5,RRT*,32,False,0.0,0.0,0.0125
body,w5,RRT*,33,False,0.0,0.0,0.0101
body,w5,RRT*,34,True,54.694,2,0.0131
body,w5,RRT*,35,True,52.077,2,0.0169
body,w5,RRT*,36,True,52.251,2,0.0153
body,w5,RRT*,37,False,0.0,0.0,0.0122
body,w5,RRT*,38,True,51.876,1,0.0144
body,w5,RRT*,39,False,0.0,0.0,0.0109
body,w5,RRT*,40,True,51.454,1,0.0184
body,w5,RRT*,41,True,52.533,1,0.0146
body,w5,RRT*,42,False,0.0,0.0,0.0139
body,w5,RRT*,43,False,0.0,0.0,0.0138
body,w5,RRT*,44,True,51.705,2,0.0167
body,w5,RRT*,45,False,0.0,0.0,0.0092
body,w5,RRT*,46,False,0.0,0.0,0.0138
body,w5,RRT*,47,True,51.1,1,0.0169
body,w5,RRT*,48,True,53.426,1,0.0152
body,w5,RRT*,49,True,52.417,1,0.0198
body,w5,RRT*,50,True,51.513,1,0.0163
body,w5,RRT*,51,True,52.775,2,0.0156
body,w5,RRT*,52,False,0.0,0.0,0.0097
body,w5,RRT*,53,True,52.586,2,0.0174
body,w5,RRT*,54,False,0.0,0.0,0.0131
body,w5,RRT*,55,True,50.999,1,0.0152
body,w5,RRT*,56,True,51.695,2,0.0194
body,w5,RRT*,57,True,52.183,1,0.0135
body,w5,RRT*,58,True,51.517,1,0.0155
body,w5,RRT*,59,True,51.54,2,0.0158
body,w5,RRT*,60,True,51.632,1,0.0147
body,w5,RRT*,61,False,0.0,0.0,0.0108
body,w5,RRT*,62,True,51.917,1,0.012
body,w5,RRT*,63,True,54.933,2,0.0155
body,w5,RRT*,64,True,52.437,2,0.0155
body,w5,RRT*,65,True,52.04,2,0.0155
body,w5,RRT*,66,True,51.676,2,0.0172
body,w5,RRT*,67,True,51.6,1,0.0147
body,w5,RRT*,68,True,53.067,2,0.0153
body,w5,RRT*,69,True,53.164,2,0.0136
body,w5,RRT*,70,True,51.381,1,0.0142
body,w5,RRT*,71,True,52.455,1,0.0167
body,w5,RRT*,72,True,51.584,1,0.0163
body,w5,RRT*,73,False,0.0,0.0,0.0103
body,w5,RRT*,74,True,52.14,2,0.0161
body,w5,RRT*,75,True,52.636,1,0.0163
body,w5,RRT*,76,True,51.782,2,0.0194
body,w5,RRT*,77,True,51.794,2,0.0156
body,w5,RRT*,78,True,51.022,1,0.0159
body,w5,RRT*,79,False,0.0,0.0,0.0102
body,w5,RRT*,80,True,52.639,2,0.015
body,w5,RRT*,81,False,0.0,0.0,0.0113
body,w5,RRT*,82,True,51.082,2,0.0143
body,w5,RRT*,83,True,51.448,1,0.0155
body,w5,RRT*,84,True,51.805,1,0.0159
body,w5,RRT*,85,True,51.143,1,0.023
body,w5,RRT*,86,True,51.59,1,0.0162
body,w5,RRT*,87,True,52.67,2,0.0233
body,w5,RRT*,88,False,0.0,0.0,0.0109
body,w5,RRT*,89,True,51.806,1,0.0173
body,w5,RRT*,90,True,51.185,1,0.0164
body,w5,RRT*,91,False,0.0,0.0,0.0103
body,w5,RRT*,92,True,53.332,1,0.0145
body,w5,RRT*,93,True,50.683,1,0.0171
body,w5,RRT*,94,False,0.0,0.0,0.0158
body,w5,RRT*,95,True,50.776,1,0.0173
body,w5,RRT*,96,False,0.0,0.0,0.011
body,w5,RRT*,97,True,52.312,2,0.0179
body,w5,RRT*,98,True,51.245,1,0.0191
body,w5,RRT*,99,False,0.0,0.0,0.0095
body,w4,RRT,0,False,0.0,0.0,0.0076
body,w4,RRT,1,False,0.0,0.0,0.0082
body,w4,RRT,2,False,0.0,0.0,0.0081
body,w4,RRT,3,False,0.0,0.0,0.0076
body,w4,RRT,4,False,0.0,0.0,0.0082
body,w4,RRT,5,False,0.0,0.0,0.008
body,w4,RRT,6,False,0.0,0.0,0.0086
body,w4,RRT,7,False,0.0,0.0,0.008
body,w4,RRT,8,False,0.0,0.0,0.0089
body,w4,RRT,9,False,0.0,0.0,0.0081
body,w4,RRT,10,False,0.0,0.0,0.0077
body,w4,RRT,11,False,0.0,0.0,0.0083
body,w4,RRT,12,False,0.0,0.0,0.0081
body,w4,RRT,13,False,0.0,0.0,0.0092
body,w4,RRT,14,False,0.0,0.0,0.0075
body,w4,RRT,15,False,0.0,0.0,0.0086
body,w4,RRT,16,False,0.0,0.0,0.0082
body,w4,RRT,17,False,0.0,0.0,0.0077
body,w4,RRT,18,False,0.0,0.0,0.0075
body,w4,RRT,19,False,0.0,0.0,0.0093
body,w4,RRT,20,False,0.0,0.0,0.0084
body,w4,RRT,21,False,0.0,0.0,0.0079
body,w4,RRT,22,False,0.0,0.0,0.0089
body,w4,RRT,23,False,0.0,0.0,0.0077
body,w4,RRT,24,False,0.0,0.0,0.0085
body,w4,RRT,25,False,0.0,0.0,0.0084
body,w4,RRT,26,False,0.0,0.0,0.008
body,w4,RRT,27,False,0.0,0.0,0.0072
body,w4,RRT,28,False,0.0,0.0,0.0079
body,w4,RRT,29,False,0.0,0.0,0.0079
body,w4,RRT,30,False,0.0,0.0,0.0082
body,w4,RRT,31,False,0.0,0.0,0.008
body,w4,RRT,32,False,0.0,0.0,0.008
body,w4,RRT,33,False,0.0,0.0,0.008
body,w4,RRT,34,False,0.0,0.0,0.0077
body,w4,RRT,35,False,0.0,0.0,0.0081
body,w4,RRT,36,False,0.0,0.0,0.0081
body,w4,RRT,37,False,0.0,0.0,0.0078
body,w4,RRT,38,False,0.0,0.0,0.0081
body,w4,RRT,39,False,0.0,0.0,0.008
body,w4,RRT,40,False,0.0,0.0,0.008
body,w4,RRT,41,False,0.0,0.0,0.0077
body,w4,RRT,42,False,0.0,0.0,0.0082
body,w4,RRT,43,False,0.0,0.0,0.0083
body,w4,RRT,44,False,0.0,0.0,0.0079
body,w4,RRT,45,False,0.0,0.0,0.0068
body,w4,RRT,46,False,0.0,0.0,0.0085
body,w4,RRT,47,False,0.0,0.0,0.0075
body,w4,RRT,48,False,0.0,0.0,0.0079
body,w4,RRT,49,False,0.0,0.0,0.008
body,w4,RRT,50,False,0.0,0.0,0.008
body,w4,RRT,51,False,0.0,0.0,0.0069
body,w4,RRT,52,False,0.0,0.0,0.0078
body,w4,RRT,53,False,0.0,0.0,0.0075
body,w4,RRT,54,False,0.0,0.0,0.008
body,w4,RRT,55,False,0.0,0.0,0.0075
body,w4,RRT,56,False,0.0,0.0,0.0079
body,w4,RRT,57,False,0.0,0.0,0.0084
body,w4,RRT,58,False,0.0,0.0,0.0079
body,w4,RRT,59,False,0.0,0.0,0.0082
body,w4,RRT,60,False,0.0,0.0,0.0083
body,w4,RRT,61,False,0.0,0.0,0.008
body,w4,RRT,62,False,0.0,0.0,0.0083
body,w4,RRT,63,False,0.0,0.0,0.0076
body,w4,RRT,64,False,0.0,0.0,0.0083
body,w4,RRT,65,False,0.0,0.0,0.0078
body,w4,RRT,66,False,0.0,0.0,0.007
body,w4,RRT,67,False,0.0,0.0,0.0075
body,w4,RRT,68,False,0.0,0.0,0.008
body,w4,RRT,69,False,0.0,0.0,0.0078
body,w4,RRT,70,False,0.0,0.0,0.0085
body,w4,RRT,71,False,0.0,0.0,0.0079
body,w4,RRT,72,False,0.0,0.0,0.0085
body,w4,RRT,73,False,0.0,0.0,0.0081
body,w4,RRT,74,False,0.0,0.0,0.0087
body,w4,RRT,75,False,0.0,0.0,0.008
body,w4,RRT,76,False,0.0,0.0,0.0076
body,w4,RRT,77,False,0.0,0.0,0.0075
body,w4,RRT,78,False,0.0,0.0,0.0074
body,w4,RRT,79,False,0.0,0.0,0.0075
body,w4,RRT,80,False,0.0,0.0,0.0081
body,w4,RRT,81,False,0.0,0.0,0.0077
body,w4,RRT,82,False,0.0,0.0,0.0075
body,w4,RRT,83,False,0.0,0.0,0.009
body,w4,RRT,84,False,0.0,0.0,0.0076
body,w4,RRT,85,False,0.0,0.0,0.0082
body,w4,RRT,86,False,0.0,0.0,0.0073
body,w4,RRT,87,False,0.0,0.0,0.0083
body,w4,RRT,88,False,0.0,0.0,0.0074
body,w4,RRT,89,False,0.0,0.0,0.0089
body,w4,RRT,90,False,0.0,0.0,0.0073
body,w4,RRT,91,False,0.0,0.0,0.0086
body,w4,RRT,92,False,0.0,0.0,0.0071
body,w4,RRT,93,False,0.0,0.0,0.008
body,w4,RRT,94,False,0.0,0.0,0.0082
body,w4,RRT,95,False,0.0,0.0,0.0089
body,w4,RRT,96,False,0.0,0.0,0.0083
body,w4,RRT,97,False,0.0,0.0,0.0083
body,w4,RRT,98,False,0.0,0.0,0.0084
body,w4,RRT,99,False,0.0,0.0,0.0073
body,w4,RRT*,0,False,0.0,0.0,0.0099
body,w4,RRT*,1,False,0.0,0.0,0.0097
body,w4,RRT*,2,False,0.0,0.0,0.0102
body,w4,RRT*,3,False,0.0,0.0,0.0097
body,w4,RRT*,4,False,0.0,0.0,0.0097
body,w4,RRT*,5,False,0.0,0.0,0.0101
body,w4,RRT*,6,False,0.0,0.0,0.0115
body,w4,RRT*,7,False,0.0,0.0,0.0093
body,w4,RRT*,8,False,0.0,0.0,0.0108
body,w4,RRT*,9,False,0.0,0.0,0.0107
body,w4,RRT*,10,False,0.0,0.0,0.0096
body,w4,RRT*,11,False,0.0,0.0,0.0101
body,w4,RRT*,12,False,0.0,0.0,0.0098
body,w4,RRT*,13,False,0.0,0.0,0.0103
body,w4,RRT*,14,False,0.0,0.0,0.0095
body,w4,RRT*,15,False,0.0,0.0,0.0104
body,w4,RRT*,16,False,0.0,0.0,0.0101
body,w4,RRT*,17,False,0.0,0.0,0.0089
body,w4,RRT*,18,False,0.0,0.0,0.0097
body,w4,RRT*,19,False,0.0,0.0,0.0116
body,w4,RRT*,20,False,0.0,0.0,0.011
body,w4,RRT*,21,False,0.0,0.0,0.0104
body,w4,RRT*,22,False,0.0,0.0,0.0109
body,w4,RRT*,23,False,0.0,0.0,0.01
body,w4,RRT*,24,False,0.0,0.0,0.0108
body,w4,RRT*,25,False,0.0,0.0,0.0106
body,w4,RRT*,26,False,0.0,0.0,0.0105
body,w4,RRT*,27,False,0.0,0.0,0.0085
body,w4,RRT*,28,False,0.0,0.0,0.0097
body,w4,RRT*,29,False,0.0,0.0,0.0099
body,w4,RRT*,30,False,0.0,0.0,0.0169
body,w4,RRT*,31,False,0.0,0.0,0.0156
body,w4,RRT*,32,False,0.0,0.0,0.0164
body,w4,RRT*,33,False,0.0,0.0,0.0154
body,w4,RRT*,34,False,0.0,0.0,0.0114
body,w4,RRT*,35,False,0.0,0.0,0.0098
body,w4,RRT*,36,False,0.0,0.0,0.0097
body,w4,RRT*,37,False,0.0,0.0,0.0097
body,w4,RRT*,38,False,0.0,0.0,0.0094
body,w4,RRT*,39,False,0.0,0.0,0.0089
body,w4,RRT*,40,False,0.0,0.0,0.0094
body,w4,RRT*,41,False,0.0,0.0,0.0146
body,w4,RRT*,42,False,0.0,0.0,0.0135
body,w4,RRT*,43,False,0.0,0.0,0.01
body,w4,RRT*,44,False,0.0,0.0,0.009
body,w4,RRT*,45,False,0.0,0.0,0.0084
body,w4,RRT*,46,False,0.0,0.0,0.0109
body,w4,RRT*,47,False,0.0,0.0,0.0104
body,w4,RRT*,48,False,0.0,0.0,0.0128
body,w4,RRT*,49,False,0.0,0.0,0.0116
body,w4,RRT*,50,False,0.0,0.0,0.0095
body,w4,RRT*,51,False,0.0,0.0,0.0084
body,w4,RRT*,52,False,0.0,0.0,0.0096
body,w4,RRT*,53,False,0.0,0.0,0.0096
body,w4,RRT*,54,False,0.0,0.0,0.0102
body,w4,RRT*,55,False,0.0,0.0,0.009
body,w4,RRT*,56,False,0.0,0.0,0.0103
body,w4,RRT*,57,False,0.0,0.0,0.0105
body,w4,RRT*,58,False,0.0,0.0,0.0097
body,w4,RRT*,59,False,0.0,0.0,0.0106
body,w4,RRT*,60,False,0.0,0.0,0.0102
body,w4,RRT*,61,False,0.0,0.0,0.0099
body,w4,RRT*,62,False,0.0,0.0,0.0107
body,w4,RRT*,63,False,0.0,0.0,0.0097
body,w4,RRT*,64,False,0.0,0.0,0.0104
body,w4,RRT*,65,False,0.0,0.0,0.0098
body,w4,RRT*,66,False,0.0,0.0,0.0087
body,w4,RRT*,67,False,0.0,0.0,0.0098
body,w4,RRT*,68,False,0.0,0.0,0.0103
body,w4,RRT*,69,False,0.0,0.0,0.0098
body,w4,RRT*,70,False,0.0,0.0,0.0108
body,w4,RRT*,71,False,0.0,0.0,0.0102
body,w4,RRT*,72,False,0.0,0.0,0.0113
body,w4,RRT*,73,False,0.0,0.0,0.0101
body,w4,RRT*,74,False,0.0,0.0,0.0129
body,w4,RRT*,75,False,0.0,0.0,0.0096
body,w4,RRT*,76,False,0.0,0.0,0.0099
body,w4,RRT*,77,False,0.0,0.0,0.0093
body,w4,RRT*,78,False,0.0,0.0,0.0093
body,w4,RRT*,79,False,0.0,0.0,0.0092
body,w4,RRT*,80,False,0.0,0.0,0.0108
body,w4,RRT*,81,False,0.0,0.0,0.01
body,w4,RRT*,82,False,0.0,0.0,0.0098
body,w4,RRT*,83,False,0.0,0.0,0.011
body,w4,RRT*,84,False,0.0,0.0,0.0172
body,w4,RRT*,85,False,0.0,0.0,0.0099
body,w4,RRT*,86,False,0.0,0.0,0.0175
body,w4,RRT*,87,False,0.0,0.0,0.0106
body,w4,RRT*,88,False,0.0,0.0,0.0088
body,w4,RRT*,89,False,0.0,0.0,0.0094
body,w4,RRT*,90,False,0.0,0.0,0.0091
body,w4,RRT*,91,False,0.0,0.0,0.0104
body,w4,RRT*,92,False,0.0,0.0,0.0089
body,w4,RRT*,93,False,0.0,0.0,0.0103
body,w4,RRT*,94,False,0.0,0.0,0.0109
body,w4,RRT*,95,False,0.0,0.0,0.0111
body,w4,RRT*,96,False,0.0,0.0,0.0112
body,w4,RRT*,97,False,0.0,0.0,0.0104
body,w4,RRT*,98,False,0.0,0.0,0.0107
body,w4,RRT*,99,False,0.0,0.0,0.0093
body,wide,RRT,0,True,53.27,3,0.0005
body,wide,RRT,1,True,57.27,3,0.0005
body,wide,RRT,2,True,50.175,4,0.0005
body,wide,RRT,3,True,58.395,3,0.0006
body,wide,RRT,4,True,53.207,2,0.0016
body,wide,RRT,5,True,55.02,4,0.0012
body,wide,RRT,6,True,58.055,4,0.0006
body,wide,RRT,7,True,59.785,2,0.0011
body,wide,RRT,8,True,55.166,3,0.0013
body,wide,RRT,9,True,55.024,4,0.0007
body,wide,RRT,10,True,49.227,4,0.001
body,wide,RRT,11,True,53.785,4,0.0016
body,wide,RRT,12,True,49.687,4,0.0011
body,wide,RRT,13,True,53.963,3,0.0015
body,wide,RRT,14,True,78.479,2,0.0026
body,wide,RRT,15,True,54.129,2,0.0006
body,wide,RRT,16,True,53.789,2,0.0019
body,wide,RRT,17,True,54.471,4,0.0007
body,wide,RRT,18,True,54.442,3,0.0007
body,wide,RRT,19,True,57.561,4,0.0005
body,wide,RRT,20,True,59.257,3,0.0005
body,wide,RRT,21,True,51.02,4,0.0005
body,wide,RRT,22,True,52.768,2,0.0019
body,wide,RRT,23,True,59.601,4,0.0013
body,wide,RRT,24,True,57.301,4,0.0007
body,wide,RRT,25,True,52.389,3,0.0005
body,wide,RRT,26,True,52.679,4,0.0005
body,wide,RRT,27,True,56.141,2,0.0007
body,wide,RRT,28,True,57.634,3,0.0008
body,wide,RRT,29,True,51.954,4,0.0007
body,wide,RRT,30,True,59.46,3,0.0008
body,wide,RRT,31,True,56.191,4,0.0006
body,wide,RRT,32,True,58.641,4,0.0017
body,wide,RRT,33,True,68.815,2,0.0015
body,wide,RRT,34,True,52.284,4,0.0008
body,wide,RRT,35,True,54.964,4,0.0012
body,wide,RRT,36,True,58.38,3,0.0031
body,wide,RRT,37,True,74.191,2,0.0024
body,wide,RRT,38,True,66.497,3,0.0007
body,wide,RRT,39,True,51.625,4,0.0006
body,wide,RRT,40,True,53.266,4,0.0009
body,wide,RRT,41,True,60.173,3,0.0009
body,wide,RRT,42,True,61.126,3,0.0072
body,wide,RRT,43,True,62.36,4,0.0007
body,wide,RRT,44,True,66.707,4,0.0011
body,wide,RRT,45,True,52.55,3,0.0007
body,wide,RRT,46,True,57.561,3,0.0012
body,wide,RRT,47,True,56.351,3,0.0004
body,wide,RRT,48,True,54.603,4,0.0007
body,wide,RRT,49,True,51.848,4,0.0015
body,wide,RRT,50,True,50.631,4,0.0004
body,wide,RRT,51,True,60.173,4,0.0006
body,wide,RRT,52,True,53.047,3,0.0007
body,wide,RRT,53,True,56.128,4,0.0008
body,wide,RRT,54,True,54.946,4,0.0006
body,wide,RRT,55,True,58.661,4,0.0011
body,wide,RRT,56,True,54.778,4,0.0008
body,wide,RRT,57,True,54.893,4,0.0011
body,wide,RRT,58,True,69.422,2,0.0022
body,wide,RRT,59,True,56.762,3,0.0009
body,wide,RRT,60,True,54.743,4,0.001
body,wide,RRT,61,True,51.45,4,0.0007
body,wide,RRT,62,True,61.876,2,0.0016
body,wide,RRT,63,True,54.442,4,0.001
body,wide,RRT,64,True,64.037,4,0.0007
body,wide,RRT,65,True,57.27,4,0.0004
body,wide,RRT,66,True,57.402,4,0.0009
body,wide,RRT,67,True,59.533,4,0.0011
body,wide,RRT,68,True,60.357,4,0.0008
body,wide,RRT,69,True,50.026,4,0.0008
body,wide,RRT,70,True,62.493,3,0.0012
body,wide,RRT,71,True,59.136,3,0.0008
body,wide,RRT,72,True,53.461,4,0.0008
body,wide,RRT,73,True,52.278,3,0.0004
body,wide,RRT,74,True,52.612,4,0.0021
body,wide,RRT,75,True,49.131,4,0.0008
body,wide,RRT,76,True,52.127,4,0.0008
body,wide,RRT,77,True,59.349,4,0.0004
body,wide,RRT,78,True,52.568,4,0.0009
body,wide,RRT,79,True,59.198,3,0.0011
body,wide,RRT,80,True,56.38,2,0.0011
body,wide,RRT,81,True,64.075,3,0.002
body,wide,RRT,82,True,60.026,4,0.0014
body,wide,RRT,83,True,52.67,4,0.0008
body,wide,RRT,84,True,64.845,2,0.0042
body,wide,RRT,85,True,51.45,2,0.0013
body,wide,RRT,86,True,60.825,3,0.0012
body,wide,RRT,87,True,72.718,2,0.0056
body,wide,RRT,88,True,63.784,2,0.0032
body,wide,RRT,89,True,63.282,2,0.0012
body,wide,RRT,90,True,63.097,3,0.0012
body,wide,RRT,91,True,64.758,2,0.002
body,wide,RRT,92,True,53.591,4,0.0004
body,wide,RRT,93,True,53.61,3,0.001
body,wide,RRT,94,True,62.725,4,0.0019
body,wide,RRT,95,True,55.447,3,0.0032
body,wide,RRT,96,True,62.333,3,0.001
body,wide,RRT,97,True,54.129,4,0.0009
body,wide,RRT,98,True,64.57,2,0.0019
body,wide,RRT,99,True,55.381,4,0.0014
body,wide,RRT*,0,True,46.547,4,0.0333
body,wide,RRT*,1,True,47.441,3,0.0337
body,wide,RRT*,2,True,46.623,4,0.0371
body,wide,RRT*,3,True,46.651,4,0.0369
body,wide,RRT*,4,True,46.925,4,0.0352
body,wide,RRT*,5,True,46.736,4,0.037
body,wide,RRT*,6,True,46.801,4,0.0369
body,wide,RRT*,7,True,46.725,4,0.0367
body,wide,RRT*,8,True,46.651,4,0.0381
body,wide,RRT*,9,True,46.673,4,0.0359
body,wide,RRT*,10,True,46.999,4,0.0381
body,wide,RRT*,11,True,46.538,4,0.0365
body,wide,RRT*,12,True,46.686,4,0.0375
body,wide,RRT*,13,True,46.941,4,0.0401
body,wide,RRT*,14,True,46.938,4,0.0378
body,wide,RRT*,15,True,47.6,4,0.0382
body,wide,RRT*,16,True,46.935,4,0.0361
body,wide,RRT*,17,True,46.936,4,0.0378
body,wide,RRT*,18,True,46.638,4,0.0402
body,wide,RRT*,19,True,46.649,4,0.0377
body,wide,RRT*,20,True,47.086,4,0.0354
body,wide,RRT*,21,True,47.021,4,0.0355
body,wide,RRT*,22,True,46.562,4,0.039
body,wide,RRT*,23,True,46.486,4,0.0353
body,wide,RRT*,24,True,47.037,3,0.0371
body,wide,RRT*,25,True,46.976,3,0.0347
body,wide,RRT*,26,True,46.725,4,0.0367
body,wide,RRT*,27,True,46.677,4,0.0371
body,wide,RRT*,28,True,46.786,4,0.0394
body,wide,RRT*,29,True,46.686,4,0.0379
body,wide,RRT*,30,True,46.948,4,0.0357
body,wide,RRT*,31,True,46.756,4,0.0417
body,wide,RRT*,32,True,47.258,4,0.0368
body,wide,RRT*,33,True,46.799,4,0.0406
body,wide,RRT*,34,True,46.662,4,0.039
body,wide,RRT*,35,True,46.561,4,0.0388
body,wide,RRT*,36,True,46.71,4,0.0497
body,wide,RRT*,37,True,46.955,4,0.0507
body,wide,RRT*,38,True,47.229,4,0.036
body,wide,RRT*,39,True,46.825,4,0.0364
body,wide,RRT*,40,True,46.886,4,0.0389
body,wide,RRT*,41,True,46.662,4,0.0372
body,wide,RRT*,42,True,46.799,4,0.0378
body,wide,RRT*,43,True,46.623,4,0.0376
body,wide,RRT*,44,True,46.764,4,0.0371
body,wide,RRT*,45,True,46.765,4,0.0384
body,wide,RRT*,46,True,46.71,4,0.0395
body,wide,RRT*,47,True,46.551,4,0.041
body,wide,RRT*,48,True,46.612,4,0.0413
body,wide,RRT*,49,True,46.788,4,0.0359
body,wide,RRT*,50,True,46.538,4,0.0435
body,wide,RRT*,51,True,46.686,4,0.0393
body,wide,RRT*,52,True,47.203,4,0.0362
body,wide,RRT*,53,True,46.688,4,0.0372
body,wide,RRT*,54,True,46.786,4,0.0405
body,wide,RRT*,55,True,46.949,4,0.0513
body,wide,RRT*,56,True,46.814,4,0.0377
body,wide,RRT*,57,True,46.686,4,0.0366
body,wide,RRT*,58,True,46.562,4,0.0357
body,wide,RRT*,59,True,46.873,4,0.0373
body,wide,RRT*,60,True,47.029,4,0.0385
body,wide,RRT*,61,True,47.086,4,0.0353
body,wide,RRT*,62,True,46.759,4,0.0409
body,wide,RRT*,63,True,47.338,4,0.0374
body,wide,RRT*,64,True,46.992,4,0.0379
body,wide,RRT*,65,True,46.831,4,0.0364
body,wide,RRT*,66,True,46.751,4,0.0405
body,wide,RRT*,67,True,46.638,4,0.0383
body,wide,RRT*,68,True,46.499,4,0.0343
body,wide,RRT*,69,True,46.562,4,0.0396
body,wide,RRT*,70,True,47.043,4,0.0404
body,wide,RRT*,71,True,47.593,4,0.0371
body,wide,RRT*,72,True,47.172,4,0.0405
body,wide,RRT*,73,True,46.647,4,0.0369
body,wide,RRT*,74,True,46.838,4,0.0368
body,wide,RRT*,75,True,46.412,4,0.0372
body,wide,RRT*,76,True,46.736,4,0.0364
body,wide,RRT*,77,True,46.81,4,0.0376
body,wide,RRT*,78,True,46.638,4,0.037
body,wide,RRT*,79,True,46.812,4,0.0402
body,wide,RRT*,80,True,46.919,4,0.0371
body,wide,RRT*,81,True,46.701,4,0.0353
body,wide,RRT*,82,True,46.725,4,0.0382
body,wide,RRT*,83,True,46.647,4,0.0396
body,wide,RRT*,84,True,47.489,4,0.0367
body,wide,RRT*,85,True,47.011,4,0.0392
body,wide,RRT*,86,True,46.525,4,0.0371
body,wide,RRT*,87,True,47.249,4,0.0376
body,wide,RRT*,88,True,46.81,4,0.0402
body,wide,RRT*,89,True,46.76,4,0.0362
body,wide,RRT*,90,True,47.16,3,0.0365
body,wide,RRT*,91,True,46.923,4,0.0388
body,wide,RRT*,92,True,47.075,4,0.0389
body,wide,RRT*,93,True,46.736,4,0.0354
body,wide,RRT*,94,True,46.588,4,0.0374
body,wide,RRT*,95,True,46.799,4,0.0395
body,wide,RRT*,96,True,46.914,4,0.0398
body,wide,RRT*,97,True,46.562,4,0.0435
body,wide,RRT*,98,True,47.02,4,0.0467
body,wide,RRT*,99,True,46.736,4,0.0396
body,multi,RRT,0,True,60.957,1,0.0009
body,multi,RRT,1,True,56.694,1,0.001
body,multi,RRT,2,True,61.992,2,0.0017
body,multi,RRT,3,True,57.775,1,0.001
body,multi,RRT,4,True,56.229,1,0.0019
body,multi,RRT,5,True,53.731,1,0.0013
body,multi,RRT,6,True,54.297,1,0.001
body,multi,RRT,7,True,63.514,1,0.0008
body,multi,RRT,8,True,57.137,1,0.0018
body,multi,RRT,9,True,56.175,1,0.0008
body,multi,RRT,10,True,57.301,1,0.0013
body,multi,RRT,11,True,61.592,1,0.0022
body,multi,RRT,12,True,55.247,1,0.0029
body,multi,RRT,13,True,55.183,1,0.001
body,multi,RRT,14,True,58.617,1,0.0026
body,multi,RRT,15,True,60.269,1,0.0008
body,multi,RRT,16,True,58.408,1,0.0014
body,multi,RRT,17,True,56.256,1,0.0011
body,multi,RRT,18,True,53.459,1,0.0009
body,multi,RRT,19,True,56.306,2,0.0012
body,multi,RRT,20,True,60.163,1,0.0017
body,multi,RRT,21,True,59.004,1,0.0007
body,multi,RRT,22,True,63.353,1,0.0015
body,multi,RRT,23,True,58.855,1,0.0008
body,multi,RRT,24,True,53.272,1,0.0007
body,multi,RRT,25,True,63.634,1,0.0015
body,multi,RRT,26,True,58.435,1,0.0035
body,multi,RRT,27,True,58.825,1,0.0016
body,multi,RRT,28,True,55.931,1,0.0007
body,multi,RRT,29,True,56.343,1,0.0014
body,multi,RRT,30,True,55.412,1,0.0006
body,multi,RRT,31,True,58.873,2,0.0015
body,multi,RRT,32,True,58.055,2,0.0018
body,multi,RRT,33,True,57.195,1,0.0007
body,multi,RRT,34,True,61.542,2,0.0009
body,multi,RRT,35,True,56.704,2,0.0006
body,multi,RRT,36,True,54.129,1,0.0017
body,multi,RRT,37,True,58.327,1,0.001
body,multi,RRT,38,True,57.571,1,0.0014
body,multi,RRT,39,True,61.683,1,0.0021
body,multi,RRT,40,True,61.903,1,0.0027
body,multi,RRT,41,True,59.848,2,0.0006
body,multi,RRT,42,True,56.612,1,0.0006
body,multi,RRT,43,True,56.026,2,0.0011
body,multi,RRT,44,True,58.439,1,0.0011
body,multi,RRT,45,True,56.705,2,0.0015
body,multi,RRT,46,True,55.309,1,0.001
body,multi,RRT,47,True,55.01,1,0.0009
body,multi,RRT,48,True,55.402,1,0.0014
body,multi,RRT,49,True,59.489,1,0.0011
body,multi,RRT,50,True,61.731,1,0.0015
body,multi,RRT,51,True,60.269,1,0.0012
body,multi,RRT,52,True,53.047,2,0.0007
body,multi,RRT,53,True,58.129,1,0.0013
body,multi,RRT,54,True,61.683,1,0.0018
body,multi,RRT,55,True,57.291,1,0.001
body,multi,RRT,56,True,62.175,1,0.0008
body,multi,RRT,57,True,57.876,1,0.0012
body,multi,RRT,58,True,55.605,1,0.0008
body,multi,RRT,59,True,59.653,2,0.0018
body,multi,RRT,60,True,56.307,1,0.0014
body,multi,RRT,61,True,59.62,1,0.0009
body,multi,RRT,62,True,58.36,1,0.0012
body,multi,RRT,63,True,60.462,1,0.0028
body,multi,RRT,64,True,55.702,1,0.0013
body,multi,RRT,65,True,60.191,1,0.0012
body,multi,RRT,66,True,64.269,1,0.0014
body,multi,RRT,67,True,59.857,1,0.001
body,multi,RRT,68,True,58.108,1,0.0008
body,multi,RRT,69,True,57.047,1,0.0023
body,multi,RRT,70,True,59.348,1,0.001
body,multi,RRT,71,True,59.207,1,0.0028
body,multi,RRT,72,True,56.361,1,0.0015
body,multi,RRT,73,True,62.046,2,0.0005
body,multi,RRT,74,True,59.02,2,0.0015
body,multi,RRT,75,True,54.36,1,0.0019
body,multi,RRT,76,True,57.523,2,0.0018
body,multi,RRT,77,True,58.978,1,0.0013
body,multi,RRT,78,True,54.279,1,0.0007
body,multi,RRT,79,True,57.803,2,0.0009
body,multi,RRT,80,True,60.173,1,0.0009
body,multi,RRT,81,True,57.298,1,0.0011
body,multi,RRT,82,True,53.541,2,0.0024
body,multi,RRT,83,True,57.02,1,0.0021
body,multi,RRT,84,True,60.53,2,0.0024
body,multi,RRT,85,True,53.216,1,0.0013
body,multi,RRT,86,True,64.351,1,0.002
body,multi,RRT,87,True,53.382,1,0.0008
body,multi,RRT,88,True,51.784,1,0.001
body,multi,RRT,89,True,56.336,1,0.0014
body,multi,RRT,90,True,59.741,1,0.0011
body,multi,RRT,91,True,55.087,1,0.0013
body,multi,RRT,92,True,52.777,1,0.0007
body,multi,RRT,93,True,58.732,1,0.0015
body,multi,RRT,94,True,54.129,1,0.0006
body,multi,RRT,95,True,60.442,1,0.0014
body,multi,RRT,96,True,63.505,1,0.0015
body,multi,RRT,97,True,58.274,1,0.0017
body,multi,RRT,98,True,60.577,1,0.0018
body,multi,RRT,99,True,63.373,1,0.0008
body,multi,RRT*,0,True,51.025,1,0.0187
body,multi,RRT*,1,True,50.451,1,0.0206
body,multi,RRT*,2,True,50.672,2,0.0184
body,multi,RRT*,3,True,50.093,1,0.0225
body,multi,RRT*,4,True,50.056,2,0.0196
body,multi,RRT*,5,True,50.852,1,0.0195
body,multi,RRT*,6,True,50.257,1,0.0211
body,multi,RRT*,7,True,49.289,2,0.0207
body,multi,RRT*,8,True,49.992,1,0.0198
body,multi,RRT*,9,True,49.652,2,0.0206
body,multi,RRT*,10,True,51.057,2,0.0206
body,multi,RRT*,11,True,50.504,2,0.0207
body,multi,RRT*,12,True,49.967,2,0.0146
body,multi,RRT*,13,True,50.797,2,0.0215
body,multi,RRT*,14,True,50.021,1,0.0209
body,multi,RRT*,15,True,50.358,1,0.024
body,multi,RRT*,16,True,51.111,2,0.0204
body,multi,RRT*,17,True,51.466,2,0.0221
body,multi,RRT*,18,True,49.289,1,0.0239
body,multi,RRT*,19,True,50.387,1,0.0204
body,multi,RRT*,20,True,50.702,1,0.0202
body,multi,RRT*,21,True,50.094,1,0.0204
body,multi,RRT*,22,True,49.65,1,0.0231
body,multi,RRT*,23,True,50.816,1,0.02
body,multi,RRT*,24,True,49.952,1,0.0267
body,multi,RRT*,25,True,50.291,1,0.0182
body,multi,RRT*,26,True,50.525,2,0.0225
body,multi,RRT*,27,True,49.567,1,0.0203
body,multi,RRT*,28,True,50.542,2,0.0198
body,multi,RRT*,29,True,50.243,1,0.0185
body,multi,RRT*,30,True,50.615,1,0.023
body,multi,RRT*,31,True,49.943,1,0.0198
body,multi,RRT*,32,True,50.409,1,0.0183
body,multi,RRT*,33,True,49.4,1,0.0204
body,multi,RRT*,34,True,50.954,2,0.021
body,multi,RRT*,35,True,50.936,2,0.0208
body,multi,RRT*,36,True,50.325,1,0.0197
body,multi,RRT*,37,True,50.255,1,0.0221
body,multi,RRT*,38,True,50.816,2,0.02
body,multi,RRT*,39,True,50.82,1,0.0187
body,multi,RRT*,40,True,50.357,1,0.0223
body,multi,RRT*,41,True,49.386,1,0.0193
body,multi,RRT*,42,True,50.549,1,0.0232
body,multi,RRT*,43,True,51.017,1,0.0209
body,multi,RRT*,44,True,51.378,1,0.0212
body,multi,RRT*,45,True,50.312,2,0.0216
body,multi,RRT*,46,True,49.424,1,0.0226
body,multi,RRT*,47,True,49.313,1,0.0209
body,multi,RRT*,48,True,50.377,2,0.0183
body,multi,RRT*,49,True,49.991,2,0.0218
body,multi,RRT*,50,True,50.747,1,0.0193
body,multi,RRT*,51,True,50.012,2,0.0225
body,multi,RRT*,52,True,50.485,2,0.0209
body,multi,RRT*,53,True,51.352,1,0.0212
body,multi,RRT*,54,True,50.761,1,0.0189
body,multi,RRT*,55,True,50.364,2,0.0208
body,multi,RRT*,56,True,52.412,2,0.0209
body,multi,RRT*,57,True,51.018,1,0.0207
body,multi,RRT*,58,True,50.859,1,0.0195
body,multi,RRT*,59,True,50.291,1,0.023
body,multi,RRT*,60,True,49.563,1,0.0224
body,multi,RRT*,61,True,50.854,2,0.0209
body,multi,RRT*,62,True,49.559,1,0.025
body,multi,RRT*,63,True,51.154,1,0.0174
body,multi,RRT*,64,True,50.987,2,0.0195
body,multi,RRT*,65,True,50.234,1,0.0185
body,multi,RRT*,66,True,49.956,2,0.0199
body,multi,RRT*,67,True,50.555,2,0.0204
body,multi,RRT*,68,True,50.553,2,0.0192
body,multi,RRT*,69,True,50.413,1,0.0189
body,multi,RRT*,70,True,49.692,1,0.0238
body,multi,RRT*,71,True,50.368,2,0.0193
body,multi,RRT*,72,True,51.044,1,0.022
body,multi,RRT*,73,True,50.364,2,0.0236
body,multi,RRT*,74,True,50.001,2,0.0228
body,multi,RRT*,75,True,50.678,1,0.0178
body,multi,RRT*,76,True,50.017,2,0.0251
body,multi,RRT*,77,True,50.041,2,0.0224
body,multi,RRT*,78,True,49.358,2,0.0208
body,multi,RRT*,79,True,50.826,2,0.0199
body,multi,RRT*,80,True,50.84,1,0.023
body,multi,RRT*,81,True,49.811,1,0.0197
body,multi,RRT*,82,True,49.992,2,0.0207
body,multi,RRT*,83,True,50.442,1,0.0228
body,multi,RRT*,84,True,50.607,2,0.0204
body,multi,RRT*,85,True,50.177,2,0.0207
body,multi,RRT*,86,True,51.402,1,0.0183
body,multi,RRT*,87,True,50.199,1,0.0201
body,multi,RRT*,88,True,50.167,1,0.0191
body,multi,RRT*,89,True,49.632,1,0.0177
body,multi,RRT*,90,True,49.358,2,0.0198
body,multi,RRT*,91,True,50.19,1,0.0212
body,multi,RRT*,92,True,50.451,1,0.0203
body,multi,RRT*,93,True,50.993,1,0.0198
body,multi,RRT*,94,True,49.915,1,0.0204
body,multi,RRT*,95,True,50.455,1,0.0181
body,multi,RRT*,96,True,51.706,2,0.0198
body,multi,RRT*,97,True,50.81,1,0.0224
body,multi,RRT*,98,True,50.86,1,0.0211
body,multi,RRT*,99,True,50.347,1,0.0206
